-- --------------------------------------------------------
-- Host:                         127.0.0.1
-- Server version:               10.4.6-MariaDB - mariadb.org binary distribution
-- Server OS:                    Win64
-- HeidiSQL Version:             9.5.0.5196
-- --------------------------------------------------------

/*!40101 SET @OLD_CHARACTER_SET_CLIENT=@@CHARACTER_SET_CLIENT */;
/*!40101 SET NAMES utf8 */;
/*!50503 SET NAMES utf8mb4 */;
/*!40014 SET @OLD_FOREIGN_KEY_CHECKS=@@FOREIGN_KEY_CHECKS, FOREIGN_KEY_CHECKS=0 */;
/*!40101 SET @OLD_SQL_MODE=@@SQL_MODE, SQL_MODE='NO_AUTO_VALUE_ON_ZERO' */;


-- Dumping database structure for lisa_srv
CREATE DATABASE IF NOT EXISTS `lisa_srv` /*!40100 DEFAULT CHARACTER SET utf8 */;
USE `lisa_srv`;

-- Dumping structure for table lisa_srv.business
CREATE TABLE IF NOT EXISTS `business` (
  `ID` int(11) NOT NULL AUTO_INCREMENT COMMENT 'This is the BusinessID',
  `Owner_ID` int(11) DEFAULT NULL COMMENT 'CharacterID = ownerid',
  `Business_Name` text DEFAULT NULL COMMENT 'Business Name',
  `Bank_Balance` bigint(20) DEFAULT 0 COMMENT 'Business Bank Balance',
  `Purchaseable` int(11) NOT NULL DEFAULT 0 COMMENT 'Is business purchaseable',
  `Purchase_Cost` bigint(20) DEFAULT 0 COMMENT 'cost of purchase',
  `DisplayBlip` int(11) NOT NULL DEFAULT 0 COMMENT '0 dont display blip',
  `BusinessLocation` text DEFAULT NULL COMMENT 'here will ingame pickup spawn',
  `MaxPaydayIncome` bigint(20) DEFAULT 0 COMMENT 'how much money to generate per payday',
  PRIMARY KEY (`ID`)
) ENGINE=InnoDB AUTO_INCREMENT=17 DEFAULT CHARSET=latin1 ROW_FORMAT=COMPACT;

-- Dumping data for table lisa_srv.business: ~16 rows (approximately)
/*!40000 ALTER TABLE `business` DISABLE KEYS */;
INSERT INTO `business` (`ID`, `Owner_ID`, `Business_Name`, `Bank_Balance`, `Purchaseable`, `Purchase_Cost`, `DisplayBlip`, `BusinessLocation`, `MaxPaydayIncome`) VALUES
	(1, NULL, 'Bilingsgate Motel', 0, 0, 1000000, 0, '570.25402832031, -1746.6059570313, 28.217262268066', 0),
	(2, NULL, 'Pink Cage Motel', 0, 0, 1000000, 0, '313.31011962891, -225.03981018066, 53.221168518066', 0),
	(3, NULL, 'Cheep Rooms Motel', 0, 0, 250000, 0, '961.48693847656, -193.90830993652, 72.208374023438', 0),
	(4, NULL, 'Crown Jewels Motel', 0, 0, 800000, 0, '-1317.8553466797, -939.28894042969, 8.7307119369507', 0),
	(5, NULL, 'The Motor Motel', 0, 0, 2000000, 0, '1142.4201660156, 2663.9345703125, 37.160873413086', 0),
	(6, NULL, 'Bayview Lodge Complex', 0, 0, 15000000, 0, '-689.42315673828, 5789.146484375, 16.330949783325', 0),
	(7, NULL, 'Dream View Motel', 0, 0, 0, 0, '-104.49761199951, 6316.203125, 30.576204299927', 0),
	(8, NULL, 'Eastern Motel', 0, 0, 0, 0, '316.94161987305, 2622.8083496094, 43.454917907715', 0),
	(9, NULL, 'Perrera Beach Motel', 0, 0, 0, 0, '-1477.1573486328, -674.4072265625, 28.041688919067', 0),
	(10, NULL, 'The Richman Hotel', 0, 0, 0, 0, '-1383.7822265625, 268.01345825195, 60.238487243652', 0),
	(11, NULL, 'Banner Hotel & Spa West', 0, 0, 0, 0, '-1644.8150634766, -484.12033081055, 36.783897399902', 0),
	(12, NULL, 'Crastenburg Hotels & Resorts', 0, 0, 0, 0, '-1504.9638671875, -522.50262451172, 32.423889160156', 0),
	(13, NULL, 'The Viceroy Hotels & Resorts', 0, 0, 0, 0, '-771.10461425781, -1239.1488037109, 4.6847295761108', 0),
	(14, NULL, 'Banner Hotel & Spa', 0, 0, 0, 0, '-314.09561157227, -1035.4654541016, 29.530498504639', 0),
	(15, NULL, 'Templar Hotels', 0, 0, 0, 0, '278.55169677734, -1071.2143554688, 28.439395904541', 0),
	(16, NULL, 'Opium Nights Hotel', 0, 0, 0, 0, '-775.90075683594, -2235.7619628906, 4.9357743263245', 0);
/*!40000 ALTER TABLE `business` ENABLE KEYS */;

-- Dumping structure for table lisa_srv.business_hotel
CREATE TABLE IF NOT EXISTS `business_hotel` (
  `ID` int(11) NOT NULL AUTO_INCREMENT,
  `Business_ID` int(11) DEFAULT NULL COMMENT 'What business does this belong to?',
  `Hotel_Name` text DEFAULT NULL,
  `Stars` int(11) DEFAULT 0 COMMENT 'hotel star rating system 0-5',
  `Entrance` text DEFAULT NULL COMMENT 'xyz',
  `Display_Blip` int(11) DEFAULT 1,
  `Blip_Location` text DEFAULT NULL,
  PRIMARY KEY (`ID`)
) ENGINE=InnoDB AUTO_INCREMENT=8 DEFAULT CHARSET=latin1 ROW_FORMAT=COMPACT;

-- Dumping data for table lisa_srv.business_hotel: ~7 rows (approximately)
/*!40000 ALTER TABLE `business_hotel` DISABLE KEYS */;
INSERT INTO `business_hotel` (`ID`, `Business_ID`, `Hotel_Name`, `Stars`, `Entrance`, `Display_Blip`, `Blip_Location`) VALUES
	(1, 10, 'The Richman Hotel', 5, '-1273.7564697266, 316.06695556641, 64.511756896973', 1, '-1286.0428466797, 294.73638916016, 63.861450195313'),
	(2, 11, 'Banner Hotel & Spa West', 2, '-1661.4903564453, -533.51715087891, 35.024124145508', 1, '-1668.8050537109, -542.67932128906, 34.013347625732'),
	(3, 12, 'Crastenburg Hotels & Resorts', 0, '-1544.9610595703, -530.32452392578, 35.148239135742', 1, '-1542.9617919922, -528.92309570313, 35.148239135742'),
	(4, 13, 'The Viceroy Hotels & Resorts', 4, '-822.05212402344, -1223.5831298828, 6.3654093742371', 1, '-829.00762939453, -1217.7174072266, 5.9346408843994'),
	(5, 14, 'Banner Hotel & Spa', 2, '-287.66317749023, -1061.3536376953, 26.205404281616', 1, '-277.20980834961, -1063.6342773438, 24.871547698975'),
	(6, 15, 'Templar Hotels', 1, '288.20782470703, -1094.9991455078, 28.419664382935', 1, '292.72662353516, -1068.9505615234, 28.400465011597'),
	(7, 16, 'Opium Nights Hotel', 4, '-702.36645507813, -2274.7702636719, 12.455384254456', 1, '-689.59381103516, -2289.7109375, 12.023579597473');
/*!40000 ALTER TABLE `business_hotel` ENABLE KEYS */;

-- Dumping structure for table lisa_srv.business_motel
CREATE TABLE IF NOT EXISTS `business_motel` (
  `ID` int(11) NOT NULL AUTO_INCREMENT,
  `Business_ID` int(11) DEFAULT NULL COMMENT 'What business does this belong to?',
  `Motel_Name` text NOT NULL,
  `Display_Blip` int(11) NOT NULL DEFAULT 0,
  `Blip_Location` text NOT NULL,
  PRIMARY KEY (`ID`)
) ENGINE=InnoDB AUTO_INCREMENT=10 DEFAULT CHARSET=latin1 ROW_FORMAT=COMPACT;

-- Dumping data for table lisa_srv.business_motel: ~9 rows (approximately)
/*!40000 ALTER TABLE `business_motel` DISABLE KEYS */;
INSERT INTO `business_motel` (`ID`, `Business_ID`, `Motel_Name`, `Display_Blip`, `Blip_Location`) VALUES
	(1, 1, 'Bilingsgate Motel', 1, '570.25402832031, -1746.6059570313, 28.217262268066'),
	(2, 2, 'Pink Cage Motel', 1, '325.18139648438, -211.59114074707, 53.086307525635'),
	(3, 3, 'Cheep Rooms Motel', 1, '958.63995361328, -202.48947143555, 72.168815612793'),
	(4, 4, 'Crown Jewels Motel', 1, '-1321.4775390625, -932.18597412109, 12.355129241943'),
	(5, 5, 'The Motor Motel', 1, '1124.0379638672, 2656.3491210938, 36.996875762939'),
	(6, 6, 'Bayview Lodge Motel', 1, '-690.11553955078, 5763.671875, 16.330947875977'),
	(7, 7, 'Dream View Motel', 1, '-98.128295898438, 6337.4614257813, 30.490371704102'),
	(8, 8, 'Eastern Motel', 1, '335.91256713867, 2623.5734863281, 43.497821807861'),
	(9, 9, 'Perrera Beach Motel', 1, '-1484.1772460938, -670.50805664063, 27.943128585815');
/*!40000 ALTER TABLE `business_motel` ENABLE KEYS */;

-- Dumping structure for table lisa_srv.business_motel_rooms
CREATE TABLE IF NOT EXISTS `business_motel_rooms` (
  `ID` int(11) NOT NULL AUTO_INCREMENT,
  `Business_Motel_ID` int(11) DEFAULT NULL COMMENT 'what business motel owns this motel room',
  `Renter_ID` int(11) DEFAULT NULL COMMENT 'this is the character ID',
  `Room_Name` text DEFAULT NULL,
  `Room_Location` text DEFAULT NULL,
  PRIMARY KEY (`ID`)
) ENGINE=InnoDB AUTO_INCREMENT=187 DEFAULT CHARSET=latin1 ROW_FORMAT=COMPACT;

-- Dumping data for table lisa_srv.business_motel_rooms: ~186 rows (approximately)
/*!40000 ALTER TABLE `business_motel_rooms` DISABLE KEYS */;
INSERT INTO `business_motel_rooms` (`ID`, `Business_Motel_ID`, `Renter_ID`, `Room_Name`, `Room_Location`) VALUES
	(1, 1, NULL, 'Room #1', '566.20477294922, -1778.1766357422, 28.353067398071'),
	(2, 1, NULL, 'Room #2', '550.30187988281, -1775.5076904297, 28.312194824219'),
	(3, 1, NULL, 'Room #3', '552.23742675781, -1771.5216064453, 28.312118530273'),
	(4, 1, NULL, 'Room #4', '554.63720703125, -1766.2171630859, 28.312242507935'),
	(5, 1, NULL, 'Room #5', '557.68688964844, -1759.6779785156, 28.312944412231'),
	(6, 1, NULL, 'Room #6', '561.43859863281, -1751.8690185547, 28.2799949646'),
	(7, 1, NULL, 'Room #7', '560.10559082031, -1776.998046875, 32.44263458252'),
	(8, 1, NULL, 'Room #8', '558.99475097656, -1777.2062988281, 32.44263458252'),
	(9, 1, NULL, 'Room #9', '549.93371582031, -1773.0855712891, 32.44263458252'),
	(10, 1, NULL, 'Room #10', '550.13812255859, -1770.4720458984, 32.44263458252'),
	(11, 1, NULL, 'Room #11', '552.53057861328, -1765.2210693359, 32.442626953125'),
	(12, 1, NULL, 'Room #12', '555.58654785156, -1758.6600341797, 32.442626953125'),
	(13, 1, NULL, 'Room #14', '559.35986328125, -1750.8059082031, 32.442626953125'),
	(14, 1, NULL, 'Room #15', '561.81353759766, -1747.3016357422, 32.442626953125'),
	(15, 2, NULL, 'Room #1', '312.86639404297, -218.85704040527, 53.221817016602'),
	(16, 2, NULL, 'Room #2', '310.78491210938, -218.06602478027, 53.221797943115'),
	(17, 2, NULL, 'Room #3', '307.25735473633, -216.69923400879, 53.221797943115'),
	(18, 2, NULL, 'Room #4', '307.48065185547, -213.26666259766, 53.221797943115'),
	(19, 2, NULL, 'Room #5', '309.51806640625, -207.93676757813, 53.221797943115'),
	(20, 2, NULL, 'Room #5-1', '311.20120239258, -203.47207641602, 53.221824645996'),
	(21, 2, NULL, 'Room #6', '313.25869750977, -198.15827941895, 53.221820831299'),
	(22, 2, NULL, 'Room #7', '315.71282958984, -194.84223937988, 53.226486206055'),
	(23, 2, NULL, 'Room #8', '319.31903076172, -196.20385742188, 53.226428985596'),
	(24, 2, NULL, 'Room #8-1', '321.37347412109, -196.99311828613, 53.226428985596'),
	(25, 2, NULL, 'Room #29', '346.80447387695, -199.67097473145, 53.221820831299'),
	(26, 2, NULL, 'Room #28', '344.75799560547, -204.9973449707, 53.221817016602'),
	(27, 2, NULL, 'Room #27', '343.00793457031, -209.6520690918, 53.221839904785'),
	(28, 2, NULL, 'Room #26', '340.9870300293, -214.88525390625, 53.221767425537'),
	(29, 2, NULL, 'Room #25', '339.19226074219, -219.47314453125, 53.221836090088'),
	(30, 2, NULL, 'Room #24', '337.19616699219, -224.72244262695, 53.221832275391'),
	(31, 2, NULL, 'Room #23', '335.0325012207, -227.34460449219, 53.221817016602'),
	(32, 2, NULL, 'Room #22', '331.3356628418, -226.01243591309, 53.221797943115'),
	(33, 2, NULL, 'Room #21', '329.39678955078, -225.26910400391, 53.221797943115'),
	(34, 2, NULL, 'Room #11', '312.84872436523, -218.80480957031, 57.019248962402'),
	(35, 2, NULL, 'Room #12', '310.76513671875, -218.05990600586, 57.019248962402'),
	(36, 2, NULL, 'Room #13', '307.23727416992, -216.63822937012, 57.019248962402'),
	(37, 2, NULL, 'Room #14', '307.48825073242, -213.30717468262, 57.019248962402'),
	(38, 2, NULL, 'Room #15', '309.53308105469, -207.97265625, 57.019248962402'),
	(39, 2, NULL, 'Room #16', '311.2414855957, -203.46998596191, 57.019245147705'),
	(40, 2, NULL, 'Room #17', '313.31365966797, -198.05186462402, 57.019245147705'),
	(41, 2, NULL, 'Room #18', '315.73416137695, -194.83753967285, 57.019245147705'),
	(42, 2, NULL, 'Room #19', '319.36352539063, -196.23175048828, 57.019245147705'),
	(43, 2, NULL, 'Room #20', '321.34902954102, -196.95196533203, 57.019245147705'),
	(44, 2, NULL, 'Room #30', '329.32574462891, -225.13093566895, 57.019248962402'),
	(45, 2, NULL, 'Room #31', '331.33248901367, -225.93965148926, 57.019248962402'),
	(46, 2, NULL, 'Room #32', '335.02685546875, -227.25537109375, 57.019248962402'),
	(47, 2, NULL, 'Room #33', '337.09527587891, -224.7691192627, 57.019248962402'),
	(48, 2, NULL, 'Room #34', '339.19577026367, -219.54125976563, 57.019248962402'),
	(49, 2, NULL, 'Room #35', '340.97277832031, -214.79809570313, 57.019248962402'),
	(50, 2, NULL, 'Room #36', '342.92999267578, -209.60177612305, 57.019241333008'),
	(51, 2, NULL, 'Room #37', '344.81243896484, -204.9312286377, 57.019241333008'),
	(52, 2, NULL, 'Room #39', '346.72915649414, -199.65292358398, 57.019241333008'),
	(53, 3, NULL, 'Room #1', '970.83160400391, -199.46914672852, 72.208374023438'),
	(54, 3, NULL, 'Room #2', '967.37506103516, -205.19839477539, 72.208381652832'),
	(55, 3, NULL, 'Room #3', '951.87274169922, -210.82823181152, 72.208465576172'),
	(56, 3, NULL, 'Room #4', '948.63104248047, -208.87896728516, 72.208465576172'),
	(57, 3, NULL, 'Room #5', '947.52490234375, -205.67385864258, 72.208358764648'),
	(58, 3, NULL, 'Room #6', '950.32843017578, -201.18037414551, 72.208374023438'),
	(59, 3, NULL, 'Room #7', '953.15686035156, -196.47886657715, 72.208374023438'),
	(60, 3, NULL, 'Room #8', '970.82885742188, -199.55902099609, 75.255241394043'),
	(61, 3, NULL, 'Room #9', '967.49188232422, -205.17042541504, 75.255256652832'),
	(62, 3, NULL, 'Room #10', '964.5732421875, -209.74592590332, 75.255256652832'),
	(63, 3, NULL, 'Room #11', '961.79528808594, -214.44140625, 75.255271911621'),
	(64, 3, NULL, 'Room #12', '957.62322998047, -214.38958740234, 75.255271911621'),
	(65, 3, NULL, 'Room #13', '951.65679931641, -210.76972961426, 75.255271911621'),
	(66, 3, NULL, 'Room #14', '948.77526855469, -208.95693969727, 75.255271911621'),
	(67, 3, NULL, 'Room #15', '947.55072021484, -205.81788635254, 75.255271911621'),
	(68, 3, NULL, 'Room #16', '950.2744140625, -201.27799987793, 75.255271911621'),
	(69, 3, NULL, 'Room #17', '970.78570556641, -199.54508972168, 78.29719543457'),
	(70, 3, NULL, 'Room #18', '967.44854736328, -205.07362365723, 78.297210693359'),
	(71, 3, NULL, 'Room #19', '964.6728515625, -209.66966247559, 78.297210693359'),
	(72, 3, NULL, 'Room #20', '961.78100585938, -214.47085571289, 78.297210693359'),
	(73, 3, NULL, 'Room #21', '957.69006347656, -214.31427001953, 78.297210693359'),
	(74, 3, NULL, 'Room #22', '951.75494384766, -210.75415039063, 78.297210693359'),
	(75, 3, NULL, 'Room #23', '948.69488525391, -208.91107177734, 78.297210693359'),
	(76, 3, NULL, 'Room #24', '947.53088378906, -205.84246826172, 78.297210693359'),
	(77, 3, NULL, 'Room #25', '950.34106445313, -201.16691589355, 78.297210693359'),
	(78, 3, NULL, 'Room #26', '953.09808349609, -196.58555603027, 78.297210693359'),
	(79, 4, NULL, 'Room #1', '-1308.9736328125, -931.21490478516, 12.358571052551'),
	(80, 4, NULL, 'Room #2', '-1310.9069824219, -931.84197998047, 12.358470916748'),
	(81, 4, NULL, 'Room #3', '-1317.9748535156, -934.41436767578, 12.357174873352'),
	(82, 4, NULL, 'Room #4', '-1319.7492675781, -935.15270996094, 12.356778144836'),
	(83, 4, NULL, 'Room #5', '-1308.9890136719, -931.22448730469, 15.357053756714'),
	(84, 4, NULL, 'Room #6', '-1310.8370361328, -931.91809082031, 15.357309341431'),
	(85, 4, NULL, 'Room #7', '-1317.9852294922, -934.51470947266, 15.358276367188'),
	(86, 4, NULL, 'Room #8', '-1319.8662109375, -935.09991455078, 15.35852432251'),
	(87, 4, NULL, 'Room #9', '-1329.3360595703, -938.55065917969, 11.355428695679'),
	(88, 4, NULL, 'Room #10', '-1331.1495361328, -939.21185302734, 11.355123519897'),
	(89, 4, NULL, 'Room #11', '-1338.0971679688, -941.80133056641, 11.353876113892'),
	(90, 4, NULL, 'Room #12', '-1339.2440185547, -941.13116455078, 11.353427886963'),
	(91, 4, NULL, 'Room #13', '-1329.3695068359, -938.56072998047, 14.357598304749'),
	(92, 4, NULL, 'Room #14', '-1331.2172851563, -939.23095703125, 14.357902526855'),
	(93, 4, NULL, 'Room #15', '-1337.9820556641, -941.74591064453, 14.358696937561'),
	(94, 4, NULL, 'Room #16', '-1339.3103027344, -941.06982421875, 14.357125282288'),
	(95, 5, NULL, 'Room #1', '1142.4168701172, 2654.6381835938, 37.150375366211'),
	(96, 5, NULL, 'Room #2', '1142.3912353516, 2651.13671875, 37.140899658203'),
	(97, 5, NULL, 'Room #3', '1142.39453125, 2643.5910644531, 37.143703460693'),
	(98, 5, NULL, 'Room #4', '1141.2065429688, 2641.640625, 37.143703460693'),
	(99, 5, NULL, 'Room #5', '1136.3901367188, 2641.6782226563, 37.143753051758'),
	(100, 5, NULL, 'Room #6', '1132.8220214844, 2641.6359863281, 37.143753051758'),
	(101, 5, NULL, 'Room #7', '1125.2868652344, 2641.6713867188, 37.143745422363'),
	(102, 5, NULL, 'Room #8', '1121.4364013672, 2641.6491699219, 37.143745422363'),
	(103, 5, NULL, 'Room #9', '1114.7608642578, 2641.6418457031, 37.143745422363'),
	(104, 5, NULL, 'Room #10', '1107.1916503906, 2641.6416015625, 37.143745422363'),
	(105, 5, NULL, 'Room #11', '1106.0047607422, 2649.0571289063, 37.140926361084'),
	(106, 5, NULL, 'Room #12', '1106.0057373047, 2652.8022460938, 37.140926361084'),
	(107, 6, NULL, 'Room #1', '-681.92034912109, 5770.7709960938, 16.511001586914'),
	(108, 6, NULL, 'Room #2', '-683.74920654297, 5766.8491210938, 16.510999679565'),
	(109, 6, NULL, 'Room #3', '-685.57330322266, 5762.9345703125, 16.510999679565'),
	(110, 6, NULL, 'Room #4', '-687.38354492188, 5759.0541992188, 16.510997772217'),
	(111, 6, NULL, 'Room #5', '-690.28692626953, 5759.533203125, 16.511001586914'),
	(112, 6, NULL, 'Room #6', '-694.18243408203, 5761.3544921875, 16.510999679565'),
	(113, 6, NULL, 'Room #7', '-698.12878417969, 5763.1918945313, 16.510999679565'),
	(114, 6, NULL, 'Room #8', '-702.00952148438, 5764.9541015625, 16.510999679565'),
	(115, 6, NULL, 'Room #9', '-706.0126953125, 5766.78125, 16.510997772217'),
	(116, 6, NULL, 'Room #10', '-709.88830566406, 5768.6762695313, 16.511001586914'),
	(117, 7, NULL, 'Room #01', '-111.12559509277, 6322.837890625, 30.576131820679'),
	(118, 7, NULL, 'Room #02', '-114.38410949707, 6326.1010742188, 30.576124191284'),
	(119, 7, NULL, 'Room #03', '-120.208984375, 6327.1538085938, 30.575887680054'),
	(120, 7, NULL, 'Room #04', '-111.08411407471, 6322.8310546875, 34.50101852417'),
	(121, 7, NULL, 'Room #05', '-114.27256774902, 6326.0322265625, 34.50101852417'),
	(122, 7, NULL, 'Room #06', '-120.20644378662, 6327.2944335938, 34.50101852417'),
	(123, 7, NULL, 'Room #07', '-103.38621520996, 6330.6430664063, 30.576189041138'),
	(124, 7, NULL, 'Room #08', '-106.61919403076, 6333.9799804688, 30.57618522644'),
	(125, 7, NULL, 'Room #09', '-107.60919189453, 6339.7919921875, 30.575897216797'),
	(126, 7, NULL, 'Room #10', '-102.21166992188, 6345.1450195313, 30.575895309448'),
	(127, 7, NULL, 'Room #11', '-98.901657104492, 6348.466796875, 30.575899124146'),
	(128, 7, NULL, 'Room #12', '-93.542106628418, 6353.8159179688, 30.575899124146'),
	(129, 7, NULL, 'Room #13', '-90.26097869873, 6357.0981445313, 30.5758934021'),
	(130, 7, NULL, 'Room #14', '-84.855278015137, 6362.5004882813, 30.575897216797'),
	(131, 7, NULL, 'Room #15', '-103.47560882568, 6330.7021484375, 34.50074005127'),
	(132, 7, NULL, 'Room #16', '-106.74607086182, 6333.9677734375, 34.50074005127'),
	(133, 7, NULL, 'Room #17', '-107.61998748779, 6339.837890625, 34.500747680664'),
	(134, 7, NULL, 'Room #18', '-102.16501617432, 6345.1870117188, 34.500747680664'),
	(135, 7, NULL, 'Room #19', '-98.954856872559, 6348.4604492188, 34.500747680664'),
	(136, 7, NULL, 'Room #20', '-93.543968200684, 6353.8486328125, 34.500747680664'),
	(137, 7, NULL, 'Room #21', '-90.232398986816, 6357.123046875, 34.500747680664'),
	(138, 7, NULL, 'Room #22', '-84.896636962891, 6362.5625, 34.500747680664'),
	(139, 8, NULL, 'Room #1', '341.72186279297, 2614.9321289063, 43.671928405762'),
	(140, 8, NULL, 'Room #2', '347.04238891602, 2618.0085449219, 43.671932220459'),
	(141, 8, NULL, 'Room #3', '354.40310668945, 2619.7902832031, 43.672412872314'),
	(142, 8, NULL, 'Room #4', '359.80242919922, 2622.7954101563, 43.672134399414'),
	(143, 8, NULL, 'Room #5', '367.1760559082, 2624.4753417969, 43.672027587891'),
	(144, 8, NULL, 'Room #6', '372.51751708984, 2627.6701660156, 43.673439025879'),
	(145, 8, NULL, 'Room #7', '379.86724853516, 2629.2556152344, 43.672412872314'),
	(146, 8, NULL, 'Room #8', '385.22943115234, 2632.3896484375, 43.672710418701'),
	(147, 8, NULL, 'Room #9', '392.6155090332, 2634.0012207031, 43.671928405762'),
	(148, 8, NULL, 'Room #10', '397.96969604492, 2637.1538085938, 43.672626495361'),
	(149, 9, NULL, 'Room #1', '-1493.6994628906, -668.28356933594, 28.025074005127'),
	(150, 9, NULL, 'Room #2', '-1498.1049804688, -664.75244140625, 28.025089263916'),
	(151, 9, NULL, 'Room #3', '-1495.3439941406, -661.59954833984, 28.025089263916'),
	(152, 9, NULL, 'Room #4', '-1490.7091064453, -658.31921386719, 28.025079727173'),
	(153, 9, NULL, 'Room #5', '-1486.7507324219, -655.31939697266, 28.583070755005'),
	(154, 9, NULL, 'Room #6', '-1482.1734619141, -652.12060546875, 28.583066940308'),
	(155, 9, NULL, 'Room #7', '-1478.2249755859, -649.13061523438, 28.583068847656'),
	(156, 9, NULL, 'Room #8', '-1473.6066894531, -645.78753662109, 28.583076477051'),
	(157, 9, NULL, 'Room #9', '-1469.6722412109, -642.91241455078, 28.583072662354'),
	(158, 9, NULL, 'Room #10', '-1465.1136474609, -639.59613037109, 28.583074569702'),
	(159, 9, NULL, 'Room #11', '-1461.2821044922, -640.81805419922, 28.583118438721'),
	(160, 9, NULL, 'Room #12', '-1452.3343505859, -653.25640869141, 28.583160400391'),
	(161, 9, NULL, 'Room #13', '-1454.3902587891, -655.96667480469, 28.583070755005'),
	(162, 9, NULL, 'Room #14', '-1458.9074707031, -659.28082275391, 28.583074569702'),
	(163, 9, NULL, 'Room #15', '-1462.9606933594, -662.20092773438, 28.58306312561'),
	(164, 9, NULL, 'Room #16', '-1467.5417480469, -665.52716064453, 28.583074569702'),
	(165, 9, NULL, 'Room #17', '-1471.5550537109, -668.44702148438, 28.583110809326'),
	(166, 9, NULL, 'Room #18', '-1461.2364501953, -640.87115478516, 32.381206512451'),
	(167, 9, NULL, 'Room #19', '-1457.8929443359, -645.48565673828, 32.381214141846'),
	(168, 9, NULL, 'Room #20', '-1455.62890625, -648.56359863281, 32.381214141846'),
	(169, 9, NULL, 'Room #21', '-1452.3934326172, -653.13714599609, 32.381214141846'),
	(170, 9, NULL, 'Room #22', '-1454.3392333984, -655.94708251953, 32.381214141846'),
	(171, 9, NULL, 'Room #25-1', '-1458.9586181641, -659.27154541016, 32.38122177124'),
	(172, 9, NULL, 'Room #24', '-1462.9748535156, -662.11590576172, 32.38122177124'),
	(173, 9, NULL, 'Room #25', '-1467.5563964844, -665.50537109375, 32.38122177124'),
	(174, 9, NULL, 'Room #26', '-1471.5369873047, -668.33892822266, 32.38122177124'),
	(175, 9, NULL, 'Room #27', '-1476.1301269531, -671.76782226563, 32.38122177124'),
	(176, 9, NULL, 'Room #28', '-1465.0417480469, -639.58215332031, 32.38122177124'),
	(177, 9, NULL, 'Room #29', '-1469.61328125, -642.99169921875, 32.38122177124'),
	(178, 9, NULL, 'Room #30', '-1473.6580810547, -645.84307861328, 32.38122177124'),
	(179, 9, NULL, 'Room #31', '-1478.2886962891, -649.20239257813, 32.38122177124'),
	(180, 9, NULL, 'Room #32', '-1482.1859130859, -652.00640869141, 32.38122177124'),
	(181, 9, NULL, 'Room #33', '-1486.84375, -655.40679931641, 32.38122177124'),
	(182, 9, NULL, 'Room #54', '-1490.77734375, -658.24145507813, 32.38122177124'),
	(183, 9, NULL, 'Room #35', '-1495.4078369141, -661.60632324219, 32.38122177124'),
	(184, 9, NULL, 'Room #36', '-1498.0769042969, -664.65911865234, 32.38122177124'),
	(185, 9, NULL, 'Room #37', '-1493.7526855469, -668.28875732422, 32.38122177124'),
	(186, 9, NULL, 'Room #69', '-1489.9300537109, -671.42395019531, 32.38122177124');
/*!40000 ALTER TABLE `business_motel_rooms` ENABLE KEYS */;

-- Dumping structure for table lisa_srv.characters
CREATE TABLE IF NOT EXISTS `characters` (
  `ID` int(11) NOT NULL AUTO_INCREMENT,
  `User_Account_ID` int(11) NOT NULL,
  `Gender` tinytext CHARACTER SET latin1 DEFAULT NULL,
  `Character_Name` text CHARACTER SET latin1 NOT NULL,
  `Position` text CHARACTER SET latin1 NOT NULL,
  `Dimension` int(11) DEFAULT 0,
  `setPedHeadBlendData` text CHARACTER SET latin1 DEFAULT NULL,
  `setPedEyeColor` text DEFAULT NULL,
  `setPedHairStyle` text DEFAULT NULL,
  `setPedHairColor` text CHARACTER SET latin1 DEFAULT NULL,
  `setPedHeadOverlay` text DEFAULT NULL,
  `setPedHeadOverlayColor` text DEFAULT NULL,
  `setPedFaceFeature` text DEFAULT NULL,
  `Inventory` longtext CHARACTER SET latin1 DEFAULT NULL,
  `Equipped` longtext CHARACTER SET latin1 DEFAULT NULL,
  `Energy` int(11) DEFAULT 1000,
  `Hunger` int(11) DEFAULT 1000,
  `Thirst` int(11) DEFAULT 1000,
  `Money_Pocket` text NOT NULL DEFAULT '10.0',
  `Money_Bank` text NOT NULL DEFAULT '0.0',
  `IsPlayerInResidenceCol` tinyint(1) NOT NULL DEFAULT 0,
  `ResidenceIdent` text CHARACTER SET latin1 DEFAULT NULL,
  `ResidenceColType` text CHARACTER SET latin1 DEFAULT NULL,
  `isinsideinterior` tinyint(1) NOT NULL DEFAULT 0,
  PRIMARY KEY (`ID`),
  UNIQUE KEY `Character_Name` (`Character_Name`) USING HASH
) ENGINE=InnoDB AUTO_INCREMENT=4 DEFAULT CHARSET=utf8mb4 ROW_FORMAT=COMPACT;

-- Dumping data for table lisa_srv.characters: ~2 rows (approximately)
/*!40000 ALTER TABLE `characters` DISABLE KEYS */;
INSERT INTO `characters` (`ID`, `User_Account_ID`, `Gender`, `Character_Name`, `Position`, `Dimension`, `setPedHeadBlendData`, `setPedEyeColor`, `setPedHairStyle`, `setPedHairColor`, `setPedHeadOverlay`, `setPedHeadOverlayColor`, `setPedFaceFeature`, `Inventory`, `Equipped`, `Energy`, `Hunger`, `Thirst`, `Money_Pocket`, `Money_Bank`, `IsPlayerInResidenceCol`, `ResidenceIdent`, `ResidenceColType`, `isinsideinterior`) VALUES
	(1, 1, 'Female', 'Emma Peralta', '412.68133544921875, -975.2439575195312, 29.4315185546875', 0, '39, 27, 27, 0, 0, 0.0, 0.6, 0, 0, false', '2', '43, 0, 2', '54, 46', '0&0, 0&0, 1&255, 0&0, 0&0, 0&0, 0&0, 0&0, 0&0, 0&0, 0&0, 0&0, 0&0', '0&0, 0&0, 0&0, 0&0, 0&0, 0&0, 0&0, 0&0, 0&0, 0&0, 0&0, 0&0, 0&0', '0, 0, 0, 0, 0, 0, 0, 0, 0, 0, 0, 0, 0, 0, 0, 0, 0, 0, 0, 0', '{"0":{"13":{"usedurability":995}},"1":{"51":{}},"2":{"11":{"usedurability":2}},"3":{"1":{"timedurability":2880}},"4":{"20":{"usedurability":8}},"5":{"0":{"usedurability":1}},"6":{"4":{"timedurability":1000}},"7":{"100":{}},"8":{"14":{"timedurability":2880}},"9":{"15":{"timedurability":2880}},"10":{"16":{"timedurability":2880}},"11":{"50":{}},"12":{"51":{}},"13":{"52":{}},"14":{"53":{}}}', '{"0":null,"1":null,"2":null,"3":null,"4":{"7":{"timedurability":1000}},"5":null,"6":{"8":{"timedurability":1000}},"7":null,"8":null,"9":null,"10":null,"11":{"10":{"timedurability":1000}}}', 1000, 1000, 672, '30121.44999999995', '99000.0', 0, '{"x":1386.2244873046875,"y":-593.4774780273438,"z":73.48545837402344}', 'Residence', 0),
	(2, 1, 'Male', 'Zeke Peralta', '-1366.20654296875, -973.8329467773438, 8.6051025390625', 0, '18, 7, 0, 12, 8, 0, 0.3, 0.5, 0, false', '0', '47, 0, 2', '2, 78', '0&0, 10&1, 12&1, 1&1, 0&0.1, 0&0, 0&0, 0&0.5, 0&0.3, 6&1, 2&1, 8&1, 0&0', '0&0, 55&0, 57&0, 0&0, 0&0, 0&0, 0&0, 0&0, 3&0, 0&0, 0&0, 0&0, 0&0', '-1, 0.1, -0.5, 0, 0, 0, 1, 0, 0.8, -0.8, 0.2, 0.4, -0.3, -1, -1, 1, -0.2, 1, -1, 1', '{"0":{"13":{"usedurability":962}},"3":{"5":{"timedurability":1000}},"4":{"11":{"usedurability":2}},"5":{"1":{"timedurability":2880}},"6":{"2":{"timedurability":1000}},"7":{"0":{"usedurability":3}},"8":{"52":{}},"9":{"50":{}},"10":{"23":{"usedurability":20}},"11":{"24":{"usedurability":40}},"13":{"120":{}},"14":{"20":{"usedurability":10}},"15":{"51":{}},"16":{"53":{}}}', '{"0":null,"1":null,"2":null,"3":null,"4":{"18":{"timedurability":2880}},"5":null,"6":{"19":{"timedurability":2880}},"7":null,"8":null,"9":null,"10":null,"11":{"17":{"timedurability":2880}}}', 1000, 836, 421, '117.42000000005149', '140141', 0, '{"x":1386.2244873046875,"y":-593.4774780273438,"z":73.48545837402344}', 'Residence', 0),
	(3, 2, 'Female', 'queene aries', '459.5340576171875, -859.1868286132812, 27.2916259765625', 0, '39, 45, 0, 0, 45, 0, 0.5, 0.7, 0, false', '12', '49, 0, 2', '0, 0', '0&0, 0&0, 5&1, 0&0, 37&1, 1&0.6, 0&0, 0&0, 5&0.4, 0&0, 0&0, 0&0, 0&0', '0&0, 0&0, 0&54, 0&0, 0&0, 0&0, 0&0, 0&0, 0&0, 0&0, 0&0, 0&0, 0&0', '-0.4, -0.3, -0.1, 0, 0, 0, -0.5, 0, -0.6, 0, 0, -0.4, -0.4, 0, 0, 0, 0, 0, -0.2, -0.3', '{"0":{"0":{"usedurability":4}}}', '{"0":null,"1":null,"2":null,"3":null,"4":{"15":{"timedurability":2880}},"5":null,"6":{"16":{"timedurability":2880}},"7":null,"8":null,"9":null,"10":null,"11":{"14":{"timedurability":2880}}}', 1000, 959, 1000, '8.9', '0.0', 0, NULL, NULL, 0);
/*!40000 ALTER TABLE `characters` ENABLE KEYS */;

-- Dumping structure for table lisa_srv.fuel_pumps
CREATE TABLE IF NOT EXISTS `fuel_pumps` (
  `ID` int(11) NOT NULL AUTO_INCREMENT,
  `BusinessID` int(11) DEFAULT NULL,
  `blipCoord` text DEFAULT NULL,
  `colShapePos1` text DEFAULT NULL COMMENT 'south',
  `colShapePos2` text DEFAULT NULL COMMENT 'north',
  `colShapeType` text DEFAULT NULL,
  `CylinderSize` float DEFAULT NULL,
  PRIMARY KEY (`ID`)
) ENGINE=InnoDB AUTO_INCREMENT=15 DEFAULT CHARSET=utf8;

-- Dumping data for table lisa_srv.fuel_pumps: ~14 rows (approximately)
/*!40000 ALTER TABLE `fuel_pumps` DISABLE KEYS */;
INSERT INTO `fuel_pumps` (`ID`, `BusinessID`, `blipCoord`, `colShapePos1`, `colShapePos2`, `colShapeType`, `CylinderSize`) VALUES
	(1, 1, '1181.5516357421875, -330.19781494140625, 69.3150634765625', '1171.068115234375, -343.4769287109375, 67.0', '1189.95166015625, -316.6022033691406, 73.0', NULL, NULL),
	(2, 25, '-2555.195556640625, 2334.14501953125, 33.071044921875', '-2564.808837890625, 2319.112060546875, 30.0', '-2544, 2349.61328125, 36.0', NULL, NULL),
	(3, 26, '-2096.38671875, -317.1560363769531, 13.019775390625', '-2113.041748046875, -330.6725158691406, 12.0', '-2080.589111328125, -308.0835266113281, 18.0', NULL, NULL),
	(4, 27, '-1437.4154052734375, -276.81756591796875, 46.197021484375', '-1437.151611328125, -276.6329650878906, 46.197021484375', '0, 0, 0', 'Cylinder', 15),
	(5, 22, '-723.5604248046875, -936.11865234375, 19.20361328125', '-736.6681518554688, -943.4505615234375, 16.0', '-708.1846313476562, -927.2439575195312, 22.0', NULL, NULL),
	(6, 28, '-524.927490234375, -1211.248291015625, 18.17578125', '-524.927490234375, -1211.248291015625, 18.17578125', '0, 0, 0', 'Cylinder', 15),
	(7, 21, '-70.97142791748047, -1762.2989501953125, 29.5325927734375', '-70.97142791748047, -1762.2989501953125, 29.5325927734375', '0, 0, 0', 'Cylinder', 15),
	(8, 29, '264.975830078125, -1259.4725341796875, 29.128173828125', '251.20880126953125, -1273.4505615234375, 27.0', '279.4945068359375, -1246.945068359375, 33.0', NULL, NULL),
	(9, 23, '-1799.2879638671875, 802.7999877929688, 138.6351318359375', '-1799.2879638671875, 802.7999877929688, 137.0', '0, 0, 0', 'Cylinder', 15),
	(10, 24, '1687.068115234375, 4929.7978515625, 42.06884765625', '1687.068115234375, 4929.7978515625, 41.0', '0, 0, 0', 'Cylinder', 10),
	(11, 30, '1701.4285888671875, 6415.96484375, 32.7509765625', '1701.4285888671875, 6415.96484375, 31.0', '0, 0, 0', 'Cylinder', 8),
	(12, 31, '180, 6602.82177734375, 31.85791015625', '166.25933837890625, 6591.49462890625, 30.0', '193.88571166992188, 6614.79541015625, 36.0', NULL, NULL),
	(13, 32, '-94.52307891845703, 6419.7099609375, 31.4871826171875', '-94.52307891845703, 6419.7099609375, 30.0', '0, 0, 0', 'Cylinder', 10),
	(14, 33, '1039.4637451171875, 2674.839599609375, 39.5413818359375', '1031.947265625, 2665.094482421875, 38.0', '1046.927490234375, 2677.8330078125, 44.0', NULL, NULL);
/*!40000 ALTER TABLE `fuel_pumps` ENABLE KEYS */;

-- Dumping structure for table lisa_srv.interiors_garage
CREATE TABLE IF NOT EXISTS `interiors_garage` (
  `ID` int(11) NOT NULL AUTO_INCREMENT,
  `On_Foot_Entrance` text CHARACTER SET latin1 DEFAULT NULL COMMENT 'where player will spawn',
  `Vehicle_Spots` text CHARACTER SET latin1 DEFAULT NULL COMMENT 'where vehicle will spawn incl rotation!!!',
  `Comments` text CHARACTER SET latin1 DEFAULT NULL COMMENT 'interior comments / notes',
  PRIMARY KEY (`ID`)
) ENGINE=InnoDB AUTO_INCREMENT=22 DEFAULT CHARSET=utf8mb4 ROW_FORMAT=COMPACT;

-- Dumping data for table lisa_srv.interiors_garage: ~21 rows (approximately)
/*!40000 ALTER TABLE `interiors_garage` DISABLE KEYS */;
INSERT INTO `interiors_garage` (`ID`, `On_Foot_Entrance`, `Vehicle_Spots`, `Comments`) VALUES
	(1, '194.64363098145, -1027.0241699219, -99.0', NULL, 'SP garage 3car (single garadoor)'),
	(2, '172.7682800293, -1008.4406738281, -98.999900817871', NULL, 'online 2car (single garadoor)'),
	(3, '202.11390686035, -1007.7446289063, -99.00001525879', NULL, 'online 6car (dual garadoor)'),
	(4, '231.8744354248, -1006.7647705078, -98.999900817871', NULL, 'online 10car (dual garadoor)'),
	(5, '144.59689331055, 319.75582885742, 112.13866424561', NULL, 'garage, 2car (single garadoor)'),
	(6, '436.29193115234, -1000.7040405273, 25.715068817139', NULL, 'garage 2car, dualgara'),
	(7, '-445.26885986328, -2172.8049316406, 10.3181915283203', NULL, 'garage 2car dual gara'),
	(8, '-1355.7888183594, -754.22985839844, 22.304504394531', NULL, 'garage 1car single door'),
	(9, '523.32263183594, 167.89303588867, 99.37825012207', NULL, 'garage 1car singledoor'),
	(10, '1204.7307128906, -3111.1975097656, 5.5472712516785', NULL, 'simeons 2car single door'),
	(11, '1150.8527832031, -1645.9952392578, 36.330142974854', NULL, '1car singledoor'),
	(12, '-674.861328125, 906.56030273438, 230.59278869629', NULL, '2car singledoor'),
	(13, '-400.62503051758, 512.91906738281, 120.19872283936', NULL, '1car singledoor'),
	(14, '-814.75811767578, 186.22715759277, 72.469146728516', '{"1":{"x":-810.975830078125,"y":186.34286499023438,"z":71.775146484375,"rx":0,"ry":0,"rz":1.921875},"2":{"x":-812.017578125,"y":189.03297424316406,"z":71.775146484375,"rx":0,"ry":0,"rz":1.921875}}', '1car singledoor michaelshouse'),
	(15, '19.104671478271, 546.12969970703, 176.02757263184', NULL, 'franklin new garage 1car singledoor'),
	(16, '-25.384756088257, -1430.5368652344, 30.65532875061', NULL, 'franklin old garage 1car singledoor'),
	(17, '1972.3488769531, 3824.2524414063, 32.355575561523', NULL, 'trevortrailergarage 1car singledoor'),
	(18, '-63.109592437744, 353.07553100586, 112.44641113281', NULL, '11car singledoor'),
	(19, '982.87121582031, -135.92259216309, 73.090789794922', NULL, '1car singledoor'),
	(20, '459.99957275391, -1019.6817016602, 28.076864242554', NULL, '2car dualdoor'),
	(21, '257.65112304688, 2595.5732421875, 44.954040527344', NULL, '1car longgara singledoor');
/*!40000 ALTER TABLE `interiors_garage` ENABLE KEYS */;

-- Dumping structure for table lisa_srv.interiors_residence
CREATE TABLE IF NOT EXISTS `interiors_residence` (
  `ID` int(11) NOT NULL AUTO_INCREMENT,
  `Front_Door` text CHARACTER SET latin1 DEFAULT NULL COMMENT 'where player will spawn',
  `Back_Door` text CHARACTER SET latin1 DEFAULT NULL COMMENT 'if using backdoor this is where player will spawn',
  `Load_IPL` int(11) NOT NULL DEFAULT 0 COMMENT 'do we need to load IPL',
  `IPL_List` text CHARACTER SET latin1 DEFAULT NULL COMMENT 'list of ipls to load',
  `Floors` int(11) DEFAULT NULL COMMENT 'how many floors in this interior',
  `Comments` text CHARACTER SET latin1 DEFAULT NULL COMMENT 'interior comments / notes',
  PRIMARY KEY (`ID`)
) ENGINE=InnoDB AUTO_INCREMENT=28 DEFAULT CHARSET=utf8mb4 ROW_FORMAT=COMPACT;

-- Dumping data for table lisa_srv.interiors_residence: ~27 rows (approximately)
/*!40000 ALTER TABLE `interiors_residence` DISABLE KEYS */;
INSERT INTO `interiors_residence` (`ID`, `Front_Door`, `Back_Door`, `Load_IPL`, `IPL_List`, `Floors`, `Comments`) VALUES
	(1, '151.34429931641, -1008.0488891602, -100.0', NULL, 0, NULL, 1, 'Motel Room Interior'),
	(2, '-815.97857666016, 178.53330993652, 71.153129577637', '-794.35174560547, 181.27099609375, 71.834762573242', 0, NULL, 2, 'michael safehouse - floor goes up'),
	(3, '7.8553352355957, 538.65222167969, 175.02799987793', '-9.7354736328125, 530.53961181641, 169.61714172363', 0, NULL, 2, 'franklin new house - floor goes down'),
	(4, '-14.26476764679, -1440.4613037109, 30.101552963257', '-14.412229537964, -1427.3874511719, 30.101486206055', 0, NULL, 1, 'franklin old'),
	(5, '1972.9439697266, 3816.2661132813, 32.428691864014', NULL, 0, NULL, 1, 'trevortrailer dirty'),
	(6, '1972.9439697266, 3816.2661132813, 32.428691864014', NULL, 0, NULL, 1, 'trevortrailer clean'),
	(7, '-1150.5218505859, -1520.8963623047, 9.632719039917', '-1158.7202148438, -1524.8569335938, 9.6327257156372', 0, NULL, 1, 'trevorapartmentcity'),
	(8, '-107.69990539551, -8.3385238647461, 69.519645690918', '-110.61615753174, -14.755923271179, 69.519645690918', 0, NULL, 1, 'janitors apartment'),
	(9, '1274.0833740234, -1719.6051025391, 53.771434783936', '1269.0625, -1711.2255859375, 53.771446228027', 0, NULL, 1, 'lesters'),
	(10, '1396.4348144531, 1141.8322753906, 113.33358764648', '1408.759765625, 1147.3262939453, 113.33358764648', 0, NULL, 1, 'madrazos'),
	(11, '2453.3146972656, 4970.3466796875, 45.810558319092', '2436.5229492188, 4974.9853515625, 45.810634613037', 0, NULL, 2, 'oneils - floor 1up 1dwn'),
	(12, '266.08218383789, -1007.2896728516, -102.00625610352', NULL, 0, NULL, 1, 'low end apartment'),
	(13, '346.48556518555, -1012.7994384766, -100.19616699219', NULL, 0, NULL, 1, 'mid range apartment'),
	(14, '-599.80462646484, 64.969940185547, 107.02709960938', '-608.87921142578, 65.839477539063, 100.81974029541', 0, NULL, 2, 'high end apartment - floor goes down'),
	(15, '-24.018709182739, -597.69140625, 79.031158447266', '-30.945665359497, -589.52276611328, 77.83031463623', 0, NULL, 1, 'high end2'),
	(16, '-174.23844909668, 497.57196044922, 136.66697692871', '-165.83862304688, 478.80554199219, 132.84378051758', 0, NULL, 3, 'high end3 - floor goes down'),
	(17, '373.57104492188, 423.72247314453, 144.90789794922', '372.00045776367, 402.80673217773, 141.10028076172', 0, NULL, 3, 'high end4 - floor goes down'),
	(18, '-990.42596435547, -518.61798095703, 36.569446563721', NULL, 0, NULL, 1, 'tinytrailer bewelroof'),
	(19, '93.464813232422, 3750.7353515625, 39.769409179688', NULL, 0, NULL, 1, 'trashytrailer'),
	(20, '-781.822265625, 318.37231445313, 216.67376708984', '-785.58276367188, 343.14904785156, 215.85189819336', 0, NULL, 2, 'modern 1 - floor goes up'),
	(21, '-781.82885742188, 318.45260620117, 216.67861938477', '-785.40612792969, 343.27346801758, 215.83857727051', 0, NULL, 2, 'moody 1'),
	(22, '-781.85424804688, 318.13299560547, 216.63845825195', '-785.3271484375, 343.36114501953, 215.83863830566', 0, NULL, 2, 'vibrant 1'),
	(23, '-781.79870605469, 318.26480102539, 216.63906860352', '-785.26824951172, 343.32308959961, 215.83853149414', 0, NULL, 2, 'sharp 1'),
	(24, '-781.80847167969, 318.12191772461, 216.64091491699', '-785.42840576172, 343.45520019531, 215.83865356445', 0, NULL, 2, 'monochrome 1'),
	(25, '-781.85443115234, 318.1706237793, 216.63833618164', '-785.31414794922, 343.31976318359, 215.83853149414', 0, NULL, 2, 'seductive 1'),
	(26, '-781.82934570313, 318.18148803711, 216.63841247559', '-785.28881835938, 343.31176757813, 215.83853149414', 0, NULL, 2, 'regal 1'),
	(27, '-781.84582519531, 318.13122558594, 216.63891601563', '-785.31408691406, 343.39846801758, 215.83854675293', 0, NULL, 2, 'aqua 1');
/*!40000 ALTER TABLE `interiors_residence` ENABLE KEYS */;

-- Dumping structure for table lisa_srv.property_business
CREATE TABLE IF NOT EXISTS `property_business` (
  `ID` int(11) NOT NULL AUTO_INCREMENT,
  `OwnID` int(11) DEFAULT NULL,
  `OwnType` text DEFAULT NULL,
  `BName` text DEFAULT NULL,
  `BAddress` text DEFAULT NULL,
  `BBlipSprite` int(11) DEFAULT NULL,
  `LM_icon` text DEFAULT NULL,
  `BBalance` text NOT NULL DEFAULT '0',
  `FrontXYZ` text DEFAULT NULL,
  `BInteractXYZ` text DEFAULT NULL,
  `isForSale` int(11) DEFAULT NULL,
  `isInstancedInterior` int(11) DEFAULT NULL,
  `InstancedInteriorObjCreate` text DEFAULT NULL,
  `enterSpawn` text DEFAULT NULL,
  `exitSpawn` text DEFAULT NULL,
  `exitColShape` text DEFAULT NULL,
  `isShop` int(11) DEFAULT NULL,
  `shopColShape` text DEFAULT NULL,
  `itemsForSale` text DEFAULT NULL,
  `itemsCost` text DEFAULT NULL COMMENT 'customers buy price',
  `itemsRestockCost` text DEFAULT NULL COMMENT 'restock buy price.',
  `itemsStock` text DEFAULT NULL,
  `isFuelStation` int(11) DEFAULT NULL,
  `fuelTankCapacity` text DEFAULT NULL,
  `fuelTank` text DEFAULT NULL,
  `fuelCost` text DEFAULT NULL,
  `fuelRestockCost` text DEFAULT NULL,
  `isBarber` int(11) DEFAULT NULL,
  `barberColShape` text DEFAULT NULL,
  `isClothing` int(11) DEFAULT NULL,
  `clothingColShape` text DEFAULT NULL,
  PRIMARY KEY (`ID`)
) ENGINE=InnoDB AUTO_INCREMENT=35 DEFAULT CHARSET=utf8mb4;

-- Dumping data for table lisa_srv.property_business: ~33 rows (approximately)
/*!40000 ALTER TABLE `property_business` DISABLE KEYS */;
INSERT INTO `property_business` (`ID`, `OwnID`, `OwnType`, `BName`, `BAddress`, `BBlipSprite`, `LM_icon`, `BBalance`, `FrontXYZ`, `BInteractXYZ`, `isForSale`, `isInstancedInterior`, `InstancedInteriorObjCreate`, `enterSpawn`, `exitSpawn`, `exitColShape`, `isShop`, `shopColShape`, `itemsForSale`, `itemsCost`, `itemsRestockCost`, `itemsStock`, `isFuelStation`, `fuelTankCapacity`, `fuelTank`, `fuelCost`, `fuelRestockCost`, `isBarber`, `barberColShape`, `isClothing`, `clothingColShape`) VALUES
	(1, NULL, NULL, 'Limited LTD Gasoline', '?? Mirror Park', 52, 'blip_52', '0', '1159.75390625, -327.3230895996094, 69.2138671875', '1159.89892578125, -315.0725402832031, 69.197021484375', NULL, NULL, NULL, NULL, NULL, NULL, 1, '1163.4066162109375, -324.0923156738281, 69.197021484375', '0,12', '1.10,2.60', '1.10,2.60', '50,50', 1, '40000', '35000', '0.80,0.79,0.13', '0.70,0.69,0.10', NULL, NULL, NULL, NULL),
	(2, NULL, NULL, 'Hot Shave Barbershop', '?? Mirror Park', 71, 'blip_71', '0', '1206.962646484375, -470.5186767578125, 66.147216796875', '1216.12744140625, -475.8593444824219, 66.19775390625', NULL, NULL, NULL, NULL, NULL, NULL, 1, '1209.6263427734375, -470.4395751953125, 66.19775390625', NULL, NULL, NULL, '50,50', NULL, NULL, NULL, NULL, NULL, 1, '1214.3472900390625, -472.79998779296875, 66.19775390625', NULL, NULL),
	(3, NULL, NULL, '247 Supermarket', '?? Downtown Vinewood', 52, 'blip_52', '0', '376.3912048339844, 322.73406982421875, 103.4359130859375', '379.1472473144531, 332.18902587890625, 103.5538330078125', NULL, NULL, NULL, NULL, NULL, NULL, 1, '374.4791259765625, 327.75823974609375, 103.5538330078125', '0,12', '1.10,2.60', '1.10,2.60', '50,50', NULL, NULL, NULL, NULL, NULL, NULL, NULL, NULL, NULL),
	(4, NULL, NULL, 'Binco', '?? Textile City', 73, 'blip_73', '0', '417.5472412109375, -807.6131591796875, 29.3809814453125', '430.03515625, -803.7098999023438, 29.4820556640625', NULL, NULL, NULL, NULL, NULL, NULL, 1, '424.6022033691406, -809.3010864257812, 29.4820556640625', NULL, NULL, NULL, '50,50', NULL, NULL, NULL, NULL, NULL, NULL, NULL, 1, '425.23516845703125, -806.1758422851562, 29.4820556640625'),
	(5, NULL, NULL, 'Burger shot', '?? Vespucci Canals', 52, 'blip_52', '0', '-1182.5142822265625, -883.6879272460938, 13.76123046875', '-1195.6087646484375, -900.7120971679688, 13.980224609375', NULL, NULL, NULL, NULL, NULL, NULL, 1, '-1191.96923828125, -894.2373657226562, 13.980224609375', '0,11', '1.20,3.00', '1.20,3.00', '50,50', NULL, NULL, NULL, NULL, NULL, NULL, NULL, NULL, NULL),
	(6, NULL, NULL, '247 Supermarket', '?? Banham Canyon', 52, 'blip_52', '0', '-3037.5693359375, 589.8857421875, 7.813232421875', '-3047.274658203125, 587.063720703125, 7.8974609375', NULL, NULL, NULL, NULL, NULL, NULL, 1, '-3038.953857421875, 586.2593383789062, 7.8974609375', '0,12', '1.10,2.60', '1.10,2.60', '50,50', NULL, NULL, NULL, NULL, NULL, NULL, NULL, NULL, NULL),
	(7, NULL, NULL, '247 Supermarket', '?? Chumash', 52, 'blip_52', '0', '-3238.655029296875, 1004.3604125976562, 12.4468994140625', '-3249.006591796875, 1005.5604248046875, 12.817626953125', NULL, NULL, NULL, NULL, NULL, NULL, 1, '-3243.7978515625, 1001.6703491210938, 12.817626953125', '0,12', '1.10,2.60', '1.10,2.60', '50,50', NULL, NULL, NULL, NULL, NULL, NULL, NULL, NULL, NULL),
	(8, NULL, NULL, 'Hot Shave Barbershop', '?? Sandy Shores', 71, 'blip_71', '0', '1934.03076171875, 3724.800048828125, 32.78466796875', '1931.4461669921875, 3735.032958984375, 32.835205078125', NULL, NULL, NULL, NULL, NULL, NULL, 1, '1932.1318359375, 3726.606689453125, 32.835205078125', NULL, NULL, NULL, '50,50', NULL, NULL, NULL, NULL, NULL, 1, '1930.6021728515625, 3731.459228515625, 32.835205078125', NULL, NULL),
	(9, NULL, NULL, '247 Supermarket', '?? Sandy Shores', 52, 'blip_52', '0', '1965.5867919921875, 3739.76708984375, 32.3128662109375', '1960.5362548828125, 3748.47021484375, 32.3297119140625', NULL, NULL, NULL, NULL, NULL, NULL, 1, '1960.6944580078125, 3742.404296875, 32.3297119140625', '0,12', '1.10,2.60', '1.10,2.60', '50,50', NULL, NULL, NULL, NULL, NULL, NULL, NULL, NULL, NULL),
	(10, NULL, NULL, 'Ammunation', '?? Hawick', 313, 'blip_313', '0', '243.6923065185547, -45.11208724975586, 69.887939453125', '255.09890747070312, -46.997802734375, 69.9384765625', NULL, NULL, NULL, NULL, NULL, NULL, 1, '251.86813354492188, -49.898902893066406, 69.9384765625', NULL, NULL, NULL, '50,50', NULL, NULL, NULL, NULL, NULL, NULL, NULL, NULL, NULL),
	(11, NULL, NULL, '247 Supermarket', '?? ', 52, 'blip_52', '0', '2559.91650390625, 385.3582458496094, 108.6087646484375', '2550.19775390625, 386.0835266113281, 108.6087646484375', NULL, NULL, NULL, NULL, NULL, NULL, 1, '2557.71435546875, 382.4307556152344, 108.6087646484375', '0,12', '1.10,2.60', '1.10,2.60', '50,50', NULL, NULL, NULL, NULL, NULL, NULL, NULL, NULL, NULL),
	(12, NULL, NULL, '247 Supermarket', '?? Harmony', 52, 'blip_52', '0', '543.96923828125, 2673.402099609375, 42.13623046875', '544.905517578125, 2663.61767578125, 42.153076171875', NULL, NULL, NULL, NULL, NULL, NULL, 1, '547.7670288085938, 2669.327392578125, 42.153076171875', '0,12', '1.10,2.60', '1.10,2.60', '50,50', NULL, NULL, NULL, NULL, NULL, NULL, NULL, NULL, NULL),
	(13, NULL, NULL, '247 Supermarket', '?? Grand Senora Desert', 52, 'blip_52', '0', '2682.817626953125, 3282.10546875, 55.228515625', '2674.20654296875, 3287.063720703125, 55.228515625', NULL, NULL, NULL, NULL, NULL, NULL, 1, '2679.322998046875, 3280.681396484375, 55.228515625', '0,12', '1.10,2.60', '1.10,2.60', '50,50', NULL, NULL, NULL, NULL, NULL, NULL, NULL, NULL, NULL),
	(14, NULL, NULL, '247 Supermarket', '?? Mount Chiliad', 52, 'blip_52', '0', '1730.887939453125, 6410.84814453125, 34.991943359375', '1735.4110107421875, 6419.4990234375, 35.025634765625', NULL, NULL, NULL, NULL, NULL, NULL, 1, '1730.16259765625, 6416.03076171875, 35.025634765625', '0,12', '1.10,2.60', '1.10,2.60', '50,50', NULL, NULL, NULL, NULL, NULL, NULL, NULL, NULL, NULL),
	(15, NULL, NULL, 'Robs Liquor', '?? Murrieta Heights', 52, 'blip_52', '0', '1142.017578125, -980.7560424804688, 46.197021484375', '1126.12744140625, -981.1648559570312, 45.4051513671875', NULL, NULL, NULL, NULL, NULL, NULL, 1, '1135.96484375, -981.3758544921875, 46.3992919921875', NULL, NULL, NULL, '50,50', NULL, NULL, NULL, NULL, NULL, NULL, NULL, NULL, NULL),
	(16, NULL, NULL, 'Robs Liquor', '?? ', 52, 'blip_52', '0', '-1226.861572265625, -902.1494750976562, 12.2615966796875', '-1219.8857421875, -915.94287109375, 11.3179931640625', NULL, NULL, NULL, NULL, NULL, NULL, 1, '-1224.0263671875, -907.3186645507812, 12.3121337890625', NULL, NULL, NULL, '50,50', NULL, NULL, NULL, NULL, NULL, NULL, NULL, NULL, NULL),
	(17, NULL, NULL, 'Robs Liquor', '?? ', 52, 'blip_52', '0', '-1491.4022216796875, -383.9208679199219, 40.1142578125', '-1478.980224609375, -374.28131103515625, 39.15380859375', NULL, NULL, NULL, NULL, NULL, NULL, 1, '-1486.826416015625, -380.1098937988281, 40.14794921875', NULL, NULL, NULL, '50,50', NULL, NULL, NULL, NULL, NULL, NULL, NULL, NULL, NULL),
	(18, NULL, NULL, 'Robs Liquor', '?? ', 52, 'blip_52', '0', '-2974.44384765625, 390.75164794921875, 15.02490234375', '-2959.120849609375, 387.8769226074219, 14.03076171875', NULL, NULL, NULL, NULL, NULL, NULL, 1, '-2968.39111328125, 390.29010009765625, 15.041748046875', NULL, NULL, NULL, '50,50', NULL, NULL, NULL, NULL, NULL, NULL, NULL, NULL, NULL),
	(19, NULL, NULL, 'Scoops Liquor Barn', '?? ', 52, 'blip_52', '0', '1166.5186767578125, 2702.795654296875, 38.176513671875', '1168.3516845703125, 2718.32958984375, 37.148681640625', NULL, NULL, NULL, NULL, NULL, NULL, 1, '1167.072509765625, 2708.756103515625, 38.142822265625', NULL, NULL, NULL, '50,50', NULL, NULL, NULL, NULL, NULL, NULL, NULL, NULL, NULL),
	(20, NULL, NULL, 'Liquor Ace', '?? ', 52, 'blip_52', '0', '1394.4923095703125, 3598.958251953125, 34.991943359375', '1395.5999755859375, 3613.094482421875, 34.97509765625', NULL, NULL, NULL, NULL, NULL, NULL, 1, '1392.2109375, 3604.31201171875, 34.97509765625', NULL, NULL, NULL, '50,50', NULL, NULL, NULL, NULL, NULL, NULL, NULL, NULL, NULL),
	(21, NULL, NULL, 'Limited LTD Gasoline', '??', 52, 'blip_52', '0', '-53.30109786987305, -1757.010986328125, 29.4315185546875', '-43.10769271850586, -1749.230712890625, 29.4146728515625', NULL, NULL, NULL, NULL, NULL, NULL, 1, '-48.64615249633789, -1757.6439208984375, 29.4146728515625', '0,12', '1.10,2.60', '1.10,2.60', '50,50', 1, '40000', '35000', '0.80,0.79,0.13', '0.70,0.69,0.10', NULL, NULL, NULL, NULL),
	(22, NULL, NULL, 'Limited LTD Gasoline', '??', 52, 'blip_52', '0', '-711.7055053710938, -917.3010864257812, 19.20361328125', '-708.8439331054688, -904.8395385742188, 19.20361328125', NULL, NULL, NULL, NULL, NULL, NULL, 1, '-707.8285522460938, -912.7252807617188, 19.20361328125', '0,12', '1.10,2.60', '1.10,2.60', '50,50', 1, '40000', '35000', '0.80,0.79,0.13', '0.70,0.69,0.10', NULL, NULL, NULL, NULL),
	(23, NULL, NULL, 'Limited LTD Gasoline', '??', 52, 'blip_52', '0', '-1821.6922607421875, 787.6483764648438, 138.18017578125', '-1827.89013671875, 799.028564453125, 138.163330078125', NULL, NULL, NULL, NULL, NULL, NULL, 1, '-1820.6768798828125, 792.2637329101562, 138.11279296875', '0,12', '1.10,2.60', '1.10,2.60', '50,50', 1, '40000', '35000', '0.80,0.79,0.13', '0.70,0.69,0.10', NULL, NULL, NULL, NULL),
	(24, NULL, NULL, 'Limited LTD Gasoline', '??', 52, 'blip_52', '0', '1698.2637939453125, 4929.60009765625, 42.06884765625', '1706.782470703125, 4920.10546875, 42.052001953125', NULL, NULL, NULL, NULL, NULL, NULL, 1, '1698.1845703125, 4924.7998046875, 42.052001953125', '0,12', '1.10,2.60', '1.10,2.60', '50,50', 1, '40000', '35000', '0.80,0.79,0.13', '0.70,0.69,0.10', NULL, NULL, NULL, NULL),
	(25, NULL, NULL, 'Ron Gas & Market', '??', 52, 'blip_52', '0', '-2544.06591796875, 2316.0263671875, 33.205810546875', '1736.16259765625, 6419.1826171875, 35.025634765625', NULL, 1, NULL, '1731.99560546875, 6413.56494140625, 35.025634765625', '-2544.1318359375, 2318.28125, 33.205810546875', '1731.4549560546875, 6412.087890625, 35.025634765625', 1, '1728.962646484375, 6413.89453125, 35.025634765625', '0,12', '1.10,2.60', '1.10,2.60', '50,50', 1, '40000', '35000', '0.80,0.79,0.13', '0.70,0.69,0.10', NULL, NULL, NULL, NULL),
	(26, NULL, NULL, 'Xero Gas', '??', 52, 'blip_52', '0', '-2073.283447265625, -327.4285583496094, 13.3062744140625', '1736.16259765625, 6419.1826171875, 35.025634765625', NULL, 1, NULL, '1731.99560546875, 6413.56494140625, 35.025634765625', '-2074.905517578125, -327.1252746582031, 13.3062744140625', '1731.4549560546875, 6412.087890625, 35.025634765625', 1, '1728.962646484375, 6413.89453125, 35.025634765625', '0,12', '1.10,2.60', '1.10,2.60', '50,50', 1, '40000', '35000', '0.80,0.79,0.13', '0.70,0.69,0.10', NULL, NULL, NULL, NULL),
	(27, NULL, NULL, 'Ron Oil', '??', 52, 'blip_52', '0', '-1428.11865234375, -268.4175720214844, 46.2138671875', '1736.16259765625, 6419.1826171875, 35.025634765625', NULL, 1, NULL, '1731.99560546875, 6413.56494140625, 35.025634765625', '-1429.3978271484375, -269.4065856933594, 46.197021484375', '1731.4549560546875, 6412.087890625, 35.025634765625', 1, '1728.962646484375, 6413.89453125, 35.025634765625', '0,12', '1.10,2.60', '1.10,2.60', '50,50', 1, '40000', '35000', '0.80,0.79,0.13', '0.70,0.69,0.10', NULL, NULL, NULL, NULL),
	(28, NULL, NULL, 'Xero Gas', '??', 52, 'blip_52', '0', '-531.3626098632812, -1221.125244140625, 18.4454345703125', '1736.16259765625, 6419.1826171875, 35.025634765625', NULL, 1, NULL, '1731.99560546875, 6413.56494140625, 35.025634765625', '-530.7164916992188, -1219.6746826171875, 18.4454345703125', '1731.4549560546875, 6412.087890625, 35.025634765625', 1, '1728.962646484375, 6413.89453125, 35.025634765625', '0,12', '1.10,2.60', '1.10,2.60', '50,50', 1, '40000', '35000', '0.80,0.79,0.13', '0.70,0.69,0.10', NULL, NULL, NULL, NULL),
	(29, NULL, NULL, 'Xero Gas', '??', 52, 'blip_52', '0', '289.26593017578125, -1266.870361328125, 29.4315185546875', '1736.16259765625, 6419.1826171875, 35.025634765625', NULL, 1, NULL, '1731.99560546875, 6413.56494140625, 35.025634765625', '287.93408203125, -1266.830810546875, 29.4315185546875', '1731.4549560546875, 6412.087890625, 35.025634765625', 1, '1728.962646484375, 6413.89453125, 35.025634765625', '0,12', '1.10,2.60', '1.10,2.60', '50,50', 1, '40000', '35000', '0.80,0.79,0.13', '0.70,0.69,0.10', NULL, NULL, NULL, NULL),
	(30, NULL, NULL, 'Globe Oil Station', '??', 52, 'blip_52', '0', '1698.7252197265625, 6425.8681640625, 32.7509765625', '1706.13623046875, 6425.59130859375, 32.767822265625', NULL, NULL, NULL, NULL, NULL, NULL, NULL, NULL, NULL, NULL, NULL, NULL, 1, '40000', '35000', '0.80,0.79,0.13', '0.70,0.69,0.10', NULL, NULL, NULL, NULL),
	(31, NULL, NULL, 'Ron Oil Station', '??', 52, 'blip_52', '0', '180, 6602.82177734375, 31.85791015625', '206.42637634277344, 6615.455078125, 36.5421142578125', NULL, NULL, NULL, NULL, NULL, NULL, NULL, NULL, NULL, NULL, NULL, NULL, 1, '40000', '35000', '0.80,0.79,0.13', '0.70,0.69,0.10', NULL, NULL, NULL, NULL),
	(32, NULL, NULL, 'Xero Gas', '??', 52, 'blip_52', '0', '-92.98021697998047, 6409.96484375, 31.6387939453125', '1736.16259765625, 6419.1826171875, 35.025634765625', NULL, 1, NULL, '1731.99560546875, 6413.56494140625, 35.025634765625', '-93.92967224121094, 6411.02001953125, 31.6219482421875', '1731.4549560546875, 6412.087890625, 35.025634765625', 1, '1728.962646484375, 6413.89453125, 35.025634765625', '0,12', '1.10,2.60', '1.10,2.60', '50,50', 1, '40000', '35000', '0.80,0.79,0.13', '0.70,0.69,0.10', NULL, NULL, NULL, NULL),
	(33, NULL, NULL, 'Gas Station', '??', 52, 'blip_52', '0', '1039.3582763671875, 2664.2900390625, 39.5413818359375', '1736.16259765625, 6419.1826171875, 35.025634765625', NULL, 1, NULL, '1731.99560546875, 6413.56494140625, 35.025634765625', '1039.5032958984375, 2665.476806640625, 39.5413818359375', '1731.4549560546875, 6412.087890625, 35.025634765625', 1, '1728.962646484375, 6413.89453125, 35.025634765625', '0,12', '1.10,2.60', '1.10,2.60', '50,50', 1, '40000', '35000', '0.80,0.79,0.13', '0.70,0.69,0.10', NULL, NULL, NULL, NULL),
	(34, NULL, NULL, 'Smoke on the water', 'Vespucci Beach', 140, 'blip_140', '0', '-1172.2550048828125, -1571.9736328125, 4.6622314453125', NULL, NULL, NULL, NULL, NULL, NULL, NULL, 1, '-1172.2550048828125, -1571.9736328125, 4.6622314453125', '23,24', '6.0,12.0', '6.0,12.0', '50,50', NULL, NULL, NULL, NULL, NULL, NULL, NULL, NULL, NULL);
/*!40000 ALTER TABLE `property_business` ENABLE KEYS */;

-- Dumping structure for table lisa_srv.property_garages
CREATE TABLE IF NOT EXISTS `property_garages` (
  `ID` int(11) NOT NULL AUTO_INCREMENT,
  `OwnID` int(11) DEFAULT NULL COMMENT 'residence ID if type owntype is residence. etc.',
  `OwnType` text CHARACTER SET latin1 DEFAULT NULL,
  `Position` text CHARACTER SET latin1 DEFAULT NULL,
  `Rotation` text CHARACTER SET latin1 DEFAULT NULL,
  `PlayerExitPos` text CHARACTER SET latin1 DEFAULT NULL,
  `Garage_Interior_ID` int(11) DEFAULT NULL,
  `Address` text CHARACTER SET latin1 DEFAULT NULL,
  `IsForSale` int(11) DEFAULT 0 COMMENT 'are we for sale or not. default = 0 not for sale.',
  `Cost` int(11) DEFAULT NULL COMMENT 'cost of the garage',
  `CharacterIDsAccess` text CHARACTER SET latin1 DEFAULT NULL COMMENT 'character id of the chars allowed to enter.',
  PRIMARY KEY (`ID`)
) ENGINE=InnoDB AUTO_INCREMENT=5 DEFAULT CHARSET=utf8mb4 ROW_FORMAT=COMPACT;

-- Dumping data for table lisa_srv.property_garages: ~2 rows (approximately)
/*!40000 ALTER TABLE `property_garages` DISABLE KEYS */;
INSERT INTO `property_garages` (`ID`, `OwnID`, `OwnType`, `Position`, `Rotation`, `PlayerExitPos`, `Garage_Interior_ID`, `Address`, `IsForSale`, `Cost`, `CharacterIDsAccess`) VALUES
	(1, 274, 'Residence', '1390.24609375, -605.8021850585938, 74.032958984375', '0, 0, 0.90625', '1391.182373046875, -608.7824096679688, 74.3363037109375', 14, '2750 Nikola Place', 0, NULL, NULL),
	(4, 266, 'Residence', '1291.134033203125, -582.10546875, 71.741455078125', '0, 0, -0.265625', '1288.07470703125, -584.5845947265625, 71.741455078125', 14, '2741 Nikola Place', 0, NULL, NULL);
/*!40000 ALTER TABLE `property_garages` ENABLE KEYS */;

-- Dumping structure for table lisa_srv.property_residence
CREATE TABLE IF NOT EXISTS `property_residence` (
  `ID` int(11) NOT NULL AUTO_INCREMENT,
  `Owner_ID` int(11) DEFAULT NULL COMMENT 'Character_ID',
  `locked` int(1) NOT NULL DEFAULT 0 COMMENT '0 unlocked 1 locked',
  `Is_For_Sale` int(11) NOT NULL DEFAULT 0 COMMENT '0 = not for sale, 1 = for sale.',
  `Shared_Frontdoor` int(11) NOT NULL DEFAULT 0 COMMENT '0 = false, 1 = shared entrance make menu on door...',
  `Original_Buy_Price` bigint(20) DEFAULT NULL COMMENT 'Never change this, this is the price if user has abondoned it.',
  `Resell_Buy_Price` bigint(20) DEFAULT NULL COMMENT 'This us owner defined it owner wants to put it up for sale.',
  `Interior_ID` int(11) DEFAULT NULL COMMENT 'what interior is this',
  `Residence_Type` text CHARACTER SET latin1 DEFAULT NULL COMMENT 'house, mansion, apartment, trailer, hotelroom, motelroom',
  `Address` text CHARACTER SET latin1 DEFAULT NULL COMMENT 'XXXX Name...',
  `Frontdoor` text CHARACTER SET latin1 DEFAULT NULL COMMENT 'x,y,z',
  `Backdoor` text CHARACTER SET latin1 DEFAULT NULL COMMENT 'x,y,z',
  `CharacterIDsAccess` text CHARACTER SET latin1 DEFAULT NULL,
  PRIMARY KEY (`ID`)
) ENGINE=InnoDB AUTO_INCREMENT=476 DEFAULT CHARSET=utf8mb4 ROW_FORMAT=COMPACT;

-- Dumping data for table lisa_srv.property_residence: ~429 rows (approximately)
/*!40000 ALTER TABLE `property_residence` DISABLE KEYS */;
INSERT INTO `property_residence` (`ID`, `Owner_ID`, `locked`, `Is_For_Sale`, `Shared_Frontdoor`, `Original_Buy_Price`, `Resell_Buy_Price`, `Interior_ID`, `Residence_Type`, `Address`, `Frontdoor`, `Backdoor`, `CharacterIDsAccess`) VALUES
	(1, NULL, 0, 0, 0, 850000, NULL, 16, 'House', '2858 Hillcrest Avenue', '-662.4395751953125, 679.1868286132812, 152.901123046875', '-651.982421875, 664.78326416016, 149.38864135742', NULL),
	(2, NULL, 0, 0, 0, NULL, NULL, 14, 'House', '2870 Hillcrest Avenue', '-765.78918457031, 650.51300048828, 144.69718933105', '-779.59088134766, 636.46331787109, 138.25723266602', NULL),
	(3, NULL, 0, 0, 0, NULL, NULL, 27, 'House', '2859 Hillcrest Avenue', '-700.82421875, 646.91937255859, 154.37515258789', '-708.22393798828, 629.40380859375, 154.16033935547', NULL),
	(4, NULL, 0, 0, 0, NULL, NULL, NULL, 'House', '2860 Hillcrest Avenue', '-668.28015136719, 638.73577880859, 148.52897644043', '-645.01794433594, 632.65832519531, 148.81756591797', NULL),
	(5, NULL, 0, 0, 0, NULL, NULL, NULL, 'House', '2862 Hillcrest Avenue', '-685.84606933594, 595.97735595703, 143.02685546875', '-664.91748046875, 579.22015380859, 143.98458862305', NULL),
	(6, NULL, 0, 0, 0, NULL, NULL, NULL, 'House', '2864 Hillcrest Avenue', '-704.19226074219, 588.39031982422, 141.27995300293', '-724.10968017578, 579.10357666016, 141.38598632813', NULL),
	(7, NULL, 0, 0, 0, NULL, NULL, NULL, 'House', '2866 Hillcrest Avenue', '-733.10552978516, 593.69464111328, 141.47741699219', '-745.353515625, 589.47534179688, 141.61552429199', NULL),
	(8, NULL, 0, 0, 0, NULL, NULL, NULL, 'House', '2868 Hillcrest Avenue', '-753.40618896484, 620.39868164063, 141.85470581055', '-777.19036865234, 607.91870117188, 142.80699157715', NULL),
	(9, NULL, 0, 0, 0, NULL, NULL, NULL, 'House', '2872 Hillcrest Avenue', '-819.41711425781, 696.49713134766, 147.10983276367', '-809.80908203125, 674.91632080078, 146.49066162109', NULL),
	(10, NULL, 0, 0, 0, NULL, NULL, NULL, 'House', '2874 Hillcrest Avenue', '-853.01513671875, 694.95568847656, 148.0369720459', '-854.78662109375, 669.96997070313, 151.45071411133', NULL),
	(11, NULL, 0, 0, 0, NULL, NULL, NULL, 'House', '2876 Hillcrest Avenue', '-884.57196044922, 699.39263916016, 150.27104187012', '-893.86700439453, 687.94384765625, 149.97982788086', NULL),
	(12, NULL, 0, 0, 0, NULL, NULL, NULL, 'House', '2878 Hillcrest Avenue', '-908.68341064453, 693.7509765625, 150.43585205078', '-915.01214599609, 669.09887695313, 154.28204345703', NULL),
	(13, NULL, 0, 0, 0, NULL, NULL, NULL, 'House', '2880 Hillcrest Avenue', '-931.53057861328, 690.93572998047, 152.46672058105', '-944.09716796875, 666.82580566406, 152.57302856445', NULL),
	(14, NULL, 0, 0, 0, NULL, NULL, NULL, 'House', '2882 Hillcrest Avenue', '-974.30072021484, 684.41241455078, 157.03446960449', '-970.13024902344, 663.81072998047, 157.22825622559', NULL),
	(15, NULL, 0, 0, 0, NULL, NULL, NULL, 'House', '2885 Hillcrest Avenue', '-1019.4835205078, 719.42645263672, 162.99620056152', '-1017.1214599609, 743.75646972656, 163.18531799316', NULL),
	(16, NULL, 0, 0, 0, NULL, NULL, NULL, 'House', '2884 Hillcrest Avenue', '-997.37420654297, 681.64880371094, 159.68322753906', '-1021.5311889648, 664.93231201172, 155.30494689941', NULL),
	(17, NULL, 0, 0, 0, NULL, NULL, NULL, 'House', '2886 Hillcrest Avenue', '-1064.9407958984, 726.7578125, 164.47459411621', '-1064.1573486328, 717.38262939453, 164.59382629395', NULL),
	(18, NULL, 0, 0, 0, NULL, NULL, NULL, 'House', '2888 Hillcrest Avenue', '-1056.4080810547, 761.48645019531, 166.31561279297', '-1069.8000488281, 749.5009765625, 167.04737854004', NULL),
	(19, NULL, 0, 0, 0, NULL, NULL, NULL, 'House', '1201 Normandy Drive', '-747.36450195313, 808.25671386719, 214.15087890625', '-746.28662109375, 796.67028808594, 213.5711517334', NULL),
	(20, NULL, 0, 0, 0, NULL, NULL, NULL, 'House', '1203 Normandy Drive', '-655.22875976563, 802.83520507813, 197.99015808105', '-658.11322021484, 785.21130371094, 195.5904083252', NULL),
	(21, NULL, 0, 0, 0, NULL, NULL, NULL, 'House', '1204 Normandy Drive', '-599.93975830078, 807.61187744141, 190.52500915527', '-578.52551269531, 812.26745605469, 190.76385498047', NULL),
	(22, NULL, 0, 0, 0, NULL, NULL, NULL, 'House', '1205 Normandy Drive', '-595.98028564453, 780.48065185547, 188.30926513672', '-597.45550537109, 764.11431884766, 188.3102722168', NULL),
	(23, NULL, 0, 0, 0, NULL, NULL, NULL, 'House', '1206 Normandy Drive', '-565.68536376953, 761.18450927734, 184.4250793457', '-554.95910644531, 754.51025390625, 184.42503356934', NULL),
	(24, NULL, 0, 0, 0, NULL, NULL, NULL, 'House', '1208 Normandy Drive', '-579.72143554688, 732.75531005859, 183.21702575684', '-600.98004150391, 712.75280761719, 179.00733947754', NULL),
	(25, NULL, 0, 0, 0, NULL, NULL, NULL, 'House', '1202 Normandy Drive', '-664.51812744141, 742.16418457031, 173.28398132324', '-643.54577636719, 732.06341552734, 173.28428649902', NULL),
	(26, NULL, 0, 0, 0, NULL, NULL, NULL, 'House', '1209 Normandy Drive', '-708.99816894531, 712.70391845703, 161.20988464355', '-708.46868896484, 695.93524169922, 157.20623779297', NULL),
	(27, NULL, 0, 0, 0, NULL, NULL, NULL, 'House', '2856 Normandy Drive', '-606.11328125, 672.22448730469, 150.59684753418', '-610.30517578125, 635.92449951172, 150.04086303711', NULL),
	(28, NULL, 0, 0, 0, NULL, NULL, NULL, 'House', '4136 Normandy Drive', '-564.52270507813, 684.62274169922, 145.6314239502', '-544.92388916016, 694.60552978516, 145.07450866699', NULL),
	(29, NULL, 0, 0, 0, NULL, NULL, NULL, 'House', '2117 Normandy Drive', '-559.57434082031, 663.79840087891, 144.48680114746', '-571.02239990234, 638.91448974609, 144.41394042969', NULL),
	(30, NULL, 0, 0, 0, NULL, NULL, NULL, 'Apartment', '0603a Laguna Place', '5.9698948860168, 108.93402862549, 78.024864196777', NULL, NULL),
	(31, NULL, 0, 0, 0, NULL, NULL, NULL, 'Apartment', '0603b Laguna Place', '20.147300720215, 114.43897247314, 82.273345947266', '33.993949890137, 101.55027770996, 82.458724975586', NULL),
	(32, NULL, 0, 0, 0, NULL, NULL, NULL, 'Apartment', '0603c Laguna Place', '20.142175674438, 114.44366455078, 86.277282714844', '33.903034210205, 101.62243652344, 86.458572387695', NULL),
	(33, NULL, 0, 0, 0, NULL, NULL, 2, 'Mansion', '6969 Americano Way', '-1536.9211425781, 130.54032897949, 56.371353149414', '-1511.0516357422, 132.84819030762, 54.652770996094', NULL),
	(34, NULL, 0, 0, 0, NULL, NULL, 5, 'Trailer', '3602 Mountain View Drive', '1777.2238769531, 3738.1208496094, 33.655212402344', NULL, NULL),
	(35, NULL, 0, 0, 0, NULL, NULL, NULL, 'House', '7509 Marina Drive', '1808.8994140625, 3907.9675292969, 32.733154296875', '1806.27734375, 3918.5832519531, 36.167583465576', NULL),
	(37, NULL, 0, 0, 0, NULL, NULL, 19, 'Trailer', '5428 North Calafia Way', '1381.6862792969, 4381.9633789063, 44.185298919678', NULL, NULL),
	(38, NULL, 0, 0, 0, NULL, NULL, 1, 'House', '5429 North Calafia Way', '1365.9243164063, 4358.091796875, 43.500553131104', NULL, NULL),
	(39, NULL, 0, 0, 0, NULL, NULL, NULL, 'Trailer', '2101 Seaview Road', '2159.0595703125, 4782.1606445313, 40.961963653564', NULL, NULL),
	(40, NULL, 0, 0, 0, NULL, NULL, NULL, 'House', '2105 Seaview Road', '1967.0340576172, 4634.15625, 40.101661682129', '1968.2174072266, 4623.3041992188, 40.078639984131', NULL),
	(41, NULL, 0, 0, 0, NULL, NULL, NULL, 'House', '7504 Grapeseed Main Street', '1725.4450683594, 4642.4389648438, 42.875461578369', '1740.6341552734, 4648.6484375, 42.86153793335', NULL),
	(42, NULL, 0, 0, 0, NULL, NULL, NULL, 'House', '7505 Grapeseed Main Street', '1673.712890625, 4658.2260742188, 42.371326446533', '1663.9173583984, 4662.1127929688, 42.38716506958', NULL),
	(43, NULL, 0, 0, 0, NULL, NULL, NULL, 'House', '7506 Grapeseed Main Street', '1718.9625244141, 4677.171875, 42.655796051025', '1726.7554931641, 4682.453125, 42.655830383301', NULL),
	(44, NULL, 0, 0, 0, NULL, NULL, NULL, 'House', '7507 Grapeseed Main Street', '1682.7703857422, 4689.5522460938, 42.065807342529', '1674.2380371094, 4681.3188476563, 42.055347442627', NULL),
	(45, NULL, 0, 0, 0, NULL, NULL, NULL, 'House', '7509 Grapeseed Main Street', '1664.0040283203, 4739.5966796875, 41.010654449463', '1652.9916992188, 4746.19921875, 41.021553039551', NULL),
	(46, NULL, 0, 0, 0, NULL, NULL, NULL, 'House', '7511 Grapeseed Main Street', '1662.3072509766, 4776.3520507813, 41.007556915283', '1648.8016357422, 4779.4028320313, 41.015350341797', NULL),
	(47, NULL, 0, 0, 0, NULL, NULL, NULL, 'Trailer', '3124 Great Ocean Highway', '1538.8601074219, 6322.1391601563, 23.839124679565', NULL, NULL),
	(48, NULL, 0, 0, 0, NULL, NULL, NULL, 'House', '3126 Great Ocean Highway', '1510.3577880859, 6326.1352539063, 23.607124328613', '1522.6486816406, 6329.1840820313, 23.606914520264', NULL),
	(49, NULL, 0, 0, 0, NULL, NULL, NULL, 'House', '1121 North Sheldon Avenue', '-824.03540039063, 806.08917236328, 201.78446960449', '-818.66467285156, 796.73504638672, 201.78382873535', NULL),
	(50, NULL, 0, 0, 0, NULL, NULL, NULL, 'House', '1206 North Sheldon Avenue', '-867.33874511719, 784.98187255859, 190.93432617188', '-859.48083496094, 767.24841308594, 190.82011413574', NULL),
	(51, NULL, 0, 0, 0, NULL, NULL, NULL, NULL, '1118 North Sheldon Avenue', '-921.18212890625, 813.70819091797, 183.33618164063', '-931.37243652344, 826.71032714844, 183.33680725098', NULL),
	(52, NULL, 0, 0, 0, NULL, NULL, NULL, NULL, '1119 North Sheldon Avenue', '-912.32281494141, 777.50885009766, 186.01129150391', '-906.73071289063, 752.82995605469, 181.16131591797', NULL),
	(53, NULL, 0, 0, 0, NULL, NULL, NULL, NULL, '1116 North Sheldon Avenue', '-962.65393066406, 813.82873535156, 176.5658416748', '-959.20330810547, 808.64526367188, 181.37936401367', NULL),
	(54, NULL, 0, 0, 0, NULL, NULL, NULL, NULL, '1114 North Sheldon Avenue', '-999.14782714844, 816.54028320313, 172.0498046875', '-1009.0145874023, 831.60052490234, 171.45129394531', NULL),
	(55, NULL, 0, 0, 0, NULL, NULL, NULL, NULL, '1117 Hillcrest Avenue', '-972.60809326172, 752.49755859375, 175.38078308105', '-954.48840332031, 736.85382080078, 174.75729370117', NULL),
	(56, NULL, 0, 0, 0, NULL, NULL, NULL, NULL, '1115 Hillcrest Avenue', '-998.48419189453, 768.74658203125, 170.58265686035', '-1009.639831543, 761.56817626953, 170.5782623291', NULL),
	(57, NULL, 0, 0, 0, NULL, NULL, NULL, NULL, '1112 North Sheldon Avenue', '-1067.5325927734, 795.53009033203, 165.96371459961', '-1052.833984375, 819.10339355469, 165.97387695313', NULL),
	(58, NULL, 0, 0, 0, NULL, NULL, NULL, NULL, '1110 North Sheldon Avenue', '-1100.6625976563, 797.8193359375, 166.25625610352', '-1097.2435302734, 823.88873291016, 167.63745117188', NULL),
	(59, NULL, 0, 0, 0, NULL, NULL, NULL, NULL, '1120 North Sheldon Avenue', '-1130.6304931641, 784.39508056641, 162.88743591309', '-1145.306640625, 798.49328613281, 166.4059753418', NULL),
	(60, NULL, 0, 0, 0, NULL, NULL, NULL, NULL, '1117 North Sheldon Avenue', '-1117.8587646484, 761.55749511719, 163.28877258301', '-1107.4658203125, 739.09020996094, 158.91461181641', NULL),
	(61, NULL, 0, 0, 0, NULL, NULL, NULL, NULL, '1115 North Sheldon Avenue', '-1165.6098632813, 726.89099121094, 154.60678100586', '-1145.0756835938, 719.11865234375, 154.67082214355', NULL),
	(62, NULL, 0, 0, 0, NULL, NULL, NULL, NULL, '1113 North Sheldon Avenue', '-1196.8555908203, 693.31195068359, 146.42579650879', '-1200.8994140625, 685.62322998047, 151.19525146484', NULL),
	(63, NULL, 0, 0, 0, NULL, NULL, NULL, NULL, '1111 North Sheldon Avenue', '-1218.8532714844, 665.31793212891, 143.53413391113', '-1207.34375, 652.48419189453, 143.61946105957', NULL),
	(64, NULL, 0, 0, 0, NULL, NULL, NULL, NULL, '1108 North Sheldon Avenue', '-1241.3637695313, 674.18859863281, 141.81268310547', NULL, NULL),
	(65, NULL, 0, 0, 0, NULL, NULL, NULL, NULL, '1109 North Sheldon Avenue', '-1248.6989746094, 642.9541015625, 141.71122741699', '-1224.2791748047, 636.56878662109, 141.74490356445', NULL),
	(66, NULL, 0, 0, 0, NULL, NULL, NULL, NULL, '1106 North Sheldon Avenue', '-1291.7280273438, 650.19561767578, 140.50143432617', '-1283.0632324219, 663.52465820313, 143.85009765625', NULL),
	(67, NULL, 0, 0, 0, NULL, NULL, NULL, NULL, '1107 North Sheldon Avenue', '-1277.7244873047, 629.83221435547, 142.1908416748', '-1271.4244384766, 628.79986572266, 142.22996520996', NULL),
	(68, NULL, 0, 0, 0, NULL, NULL, NULL, NULL, '1101 Hangman Avenue', '-1405.0941162109, 561.54412841797, 124.40617370605', '-1399.341796875, 577.27288818359, 126.04190826416', NULL),
	(69, NULL, 0, 0, 0, NULL, NULL, NULL, NULL, '2108 Hangman Avenue', '-1346.4481201172, 560.6337890625, 129.53158569336', '-1327.8916015625, 552.72155761719, 123.34043884277', NULL),
	(70, NULL, 0, 0, 0, NULL, NULL, NULL, NULL, '1103 Hangman Avenue', '-1364.2923583984, 570.13372802734, 133.97283935547', '-1372.1944580078, 585.57672119141, 130.44703674316', NULL),
	(71, NULL, 0, 0, 0, NULL, NULL, NULL, NULL, '1105 Hangman Avenue', '-1367.2225341797, 610.81768798828, 132.88731384277', '-1384.7301025391, 606.26550292969, 132.87292480469', NULL),
	(72, NULL, 0, 0, 0, NULL, NULL, NULL, NULL, '2106 Hangman Avenue', '-1337.0362548828, 606.15625, 133.37994384766', '-1308.2593994141, 584.23822021484, 128.64840698242', NULL),
	(73, NULL, 0, 0, 0, NULL, NULL, NULL, NULL, '1104 North Sheldon Avenue', '-1452.7720947266, 545.56298828125, 119.7993850708', '-1456.0281982422, 552.86346435547, 119.80218505859', NULL),
	(74, NULL, 0, 0, 0, NULL, NULL, NULL, NULL, '2107 Ace Jones Drive', '-1453.9091796875, 512.31066894531, 116.79640197754', '-1448.2877197266, 500.44491577148, 116.79676818848', NULL),
	(75, NULL, 0, 0, 0, NULL, NULL, NULL, NULL, '1102 Ace Jones Drive', '-1500.59765625, 522.99810791016, 117.27213287354', '-1493.7595214844, 541.0458984375, 117.27213287354', NULL),
	(76, NULL, 0, 0, 0, NULL, NULL, NULL, NULL, '2101 Ace Jones Drive', '-1495.9792480469, 437.11520385742, 111.4979095459', '-1479.5302734375, 435.62393188477, 111.54261779785', NULL),
	(77, NULL, 0, 0, 0, NULL, NULL, NULL, NULL, '2103 Ace Jones Drive', '-1540.1335449219, 420.79260253906, 109.01401519775', '-1542.0946044922, 409.40640258789, 108.67813873291', NULL),
	(78, NULL, 0, 0, 0, NULL, NULL, NULL, NULL, '2105 Ace Jones Drive', '-1804.9119873047, 436.47729492188, 127.83476257324', '-1788.1105957031, 434.81741333008, 127.30757141113', NULL),
	(79, NULL, 0, 0, 0, NULL, NULL, NULL, NULL, '6085 Milton Road', '-658.52465820313, 886.43670654297, 228.30241394043', '-659.78118896484, 869.13861083984, 224.14755249023', NULL),
	(80, NULL, 0, 0, 0, NULL, NULL, NULL, NULL, '4589 Milton Road', '-597.05426025391, 851.64611816406, 210.455078125', '-622.09375, 851.18707275391, 210.50286865234', NULL),
	(81, NULL, 0, 0, 0, NULL, NULL, NULL, NULL, '4588 Milton Road', '-536.71966552734, 818.38000488281, 196.51039123535', '-549.71032714844, 804.92053222656, 196.51023864746', NULL),
	(82, NULL, 0, 0, 0, NULL, NULL, NULL, NULL, '4587 Milton Road', '-494.3122253418, 796.2333984375, 183.3447265625', '-488.38040161133, 782.89642333984, 179.53221130371', NULL),
	(83, NULL, 0, 0, 0, NULL, NULL, NULL, NULL, '4586 Milton Road', '-495.59521484375, 738.66632080078, 162.03102111816', '-504.83181762695, 741.126953125, 169.83538818359', NULL),
	(84, NULL, 0, 0, 0, NULL, NULL, NULL, NULL, '4585 Milton Road', '-533.35900878906, 709.36340332031, 152.14477539063', '-525.35064697266, 722.66271972656, 160.59371948242', NULL),
	(85, NULL, 0, 0, 0, NULL, NULL, NULL, NULL, '4584 Milton Road', '-499.18780517578, 683.20965576172, 150.86010742188', '-501.08395385742, 687.83746337891, 155.29194641113', NULL),
	(86, NULL, 0, 0, 0, NULL, NULL, NULL, NULL, '2850 Milton Road', '-523.16265869141, 628.28149414063, 136.97387695313', '-542.12310791016, 627.31427001953, 136.85510253906', NULL),
	(87, NULL, 0, 0, 0, NULL, NULL, NULL, NULL, '2849 Milton Road', '-474.60104370117, 585.90002441406, 127.68334960938', '-450.90087890625, 587.580078125, 127.0694732666', NULL),
	(88, NULL, 0, 0, 0, NULL, NULL, NULL, NULL, '2848 Milton Road', '-520.44891357422, 594.25421142578, 119.8366394043', '-542.70910644531, 577.0126953125, 116.31127929688', NULL),
	(89, NULL, 0, 0, 0, NULL, NULL, NULL, NULL, '3545 Milton Road', '-526.6611328125, 517.10131835938, 111.94184112549', '-509.92666625977, 502.65509033203, 107.08657836914', NULL),
	(90, NULL, 0, 0, 0, NULL, NULL, NULL, NULL, '2846 Milton Road', '-554.49945068359, 541.15667724609, 109.70711517334', '-556.55291748047, 552.59320068359, 109.52230072021', NULL),
	(91, NULL, 0, 0, 0, NULL, NULL, NULL, NULL, '3543 Milton Road', '-536.73254394531, 477.30090332031, 102.19360351563', '-528.47644042969, 467.15396118164, 102.19429016113', NULL),
	(92, NULL, 0, 0, 0, NULL, NULL, NULL, NULL, '3548 Milton Road', '-500.48748779297, 398.50064086914, 97.204864501953', '-494.41870117188, 374.88772583008, 100.83567810059', NULL),
	(93, NULL, 0, 0, 0, NULL, NULL, NULL, NULL, '2101 Lake Vinewood Estates', '-184.28729248047, 967.36187744141, 231.13363647461', '-189.2208404541, 1008.8205566406, 231.13359069824', NULL),
	(94, NULL, 0, 0, 0, NULL, NULL, NULL, 'Mansion', '2102 Lake Vinewood Estates', '-112.94853973389, 985.92956542969, 234.7540435791', '-58.050556182861, 979.57489013672, 231.86772155762', NULL),
	(95, NULL, 0, 0, 0, NULL, NULL, NULL, NULL, '2103 Lake Vinewood Estates', '-151.84567260742, 910.74108886719, 234.65560913086', '-162.14724731445, 890.95092773438, 232.46527099609', NULL),
	(96, NULL, 0, 0, 0, NULL, NULL, NULL, NULL, '2104 Lake Vinewood Estates', '-85.71598815918, 834.71411132813, 234.92010498047', '-46.53706741333, 832.34796142578, 230.33200073242', NULL),
	(97, NULL, 0, 0, 0, NULL, NULL, NULL, NULL, '1022 Ace Jones Drive', '-1861.2373046875, 310.46691894531, 88.114402770996', '-1836.1417236328, 295.41564941406, 88.320777893066', NULL),
	(98, NULL, 0, 0, 0, NULL, NULL, NULL, NULL, '1024 Ace Jones Drive', '-1807.9943847656, 333.20217895508, 88.56861114502', '-1770.4366455078, 346.0891418457, 92.371765136719', NULL),
	(99, NULL, 0, 0, 0, NULL, NULL, NULL, NULL, '1026 Ace Jones Drive', '-1733.2518310547, 379.13076782227, 88.725166320801', '-1713.5522460938, 376.59515380859, 89.224922180176', NULL),
	(100, NULL, 0, 0, 0, NULL, NULL, NULL, NULL, '1028 Ace Jones Drive', '-1673.2937011719, 385.73089599609, 88.348274230957', '-1673.5665283203, 372.18807983398, 84.118927001953', NULL),
	(101, NULL, 0, 0, 0, NULL, NULL, NULL, NULL, '1019 North Rockford Drive', '-1896.2344970703, 642.60406494141, 129.20906066895', '-1889.8884277344, 655.61566162109, 129.00003051758', NULL),
	(102, NULL, 0, 0, 0, NULL, NULL, NULL, NULL, '1018 North Rockford Drive', '-1974.5964355469, 630.88732910156, 121.53630065918', '-1994.1912841797, 639.81756591797, 121.53622436523', NULL),
	(103, NULL, 0, 0, 0, NULL, NULL, NULL, NULL, '1017 North Rockford Drive', '-1928.953125, 595.3193359375, 121.28550720215', '-1917.4077148438, 592.16625976563, 121.12471008301', NULL),
	(104, NULL, 0, 0, 0, NULL, NULL, NULL, NULL, '1016 North Rockford Drive', '-1996.177734375, 591.23583984375, 117.10185241699', '-2009.4973144531, 591.28875732422, 117.1019821167', NULL),
	(105, NULL, 0, 0, 0, NULL, NULL, NULL, NULL, '1015 North Rockford Drive', '-1937.4918212891, 551.13220214844, 114.02156829834', '-1924.0516357422, 543.58172607422, 113.8200378418', NULL),
	(106, NULL, 0, 0, 0, NULL, NULL, NULL, NULL, '1012 North Rockford Drive', '-2014.7254638672, 499.70449829102, 106.17170715332', '-2036.5780029297, 496.61801147461, 106.01200866699', NULL),
	(107, NULL, 0, 0, 0, NULL, NULL, NULL, NULL, '1010 North Rockford Drive', '-2011.1513671875, 445.10098266602, 102.01591491699', '-2018.1833496094, 434.03189086914, 101.67358398438', NULL),
	(108, NULL, 0, 0, 0, NULL, NULL, NULL, NULL, '1011 North Rockford Drive', '-1942.9038085938, 449.60876464844, 101.92810058594', '-1932.7960205078, 452.83013916016, 101.92315673828', NULL),
	(109, NULL, 0, 0, 0, NULL, NULL, NULL, NULL, '1008 North Rockford Drive', '-1940.7391357422, 387.61996459961, 95.710350036621', '-1931.8671875, 398.60403442383, 95.507064819336', NULL),
	(110, NULL, 0, 0, 0, NULL, NULL, NULL, NULL, '1013 North Rockford Drive', '-2009.1170654297, 367.42791748047, 93.814323425293', '-2020.2723388672, 369.93099975586, 93.578460693359', NULL),
	(111, NULL, 0, 0, 0, NULL, NULL, NULL, NULL, '1014 North Rockford Drive', '-1995.4541015625, 301.12969970703, 90.964668273926', '-2009.8270263672, 316.75018310547, 90.560653686523', NULL),
	(112, NULL, 0, 0, 0, NULL, NULL, NULL, NULL, '1005 North Rockford Drive', '-1922.4899902344, 298.36306762695, 88.287254333496', '-1907.259765625, 293.92611694336, 87.607650756836', NULL),
	(113, NULL, 0, 0, 0, NULL, NULL, NULL, NULL, '1006 North Rockford Drive', '-1970.4968261719, 246.03578186035, 86.812126159668', '-1980.8764648438, 244.19692993164, 86.811996459961', NULL),
	(114, NULL, 0, 0, 0, NULL, NULL, NULL, NULL, '1003 North Rockford Drive', '-1905.8383789063, 252.751953125, 85.45288848877', '-1893.6240234375, 251.53631591797, 85.253005981445', NULL),
	(115, NULL, 0, 0, 0, NULL, NULL, NULL, NULL, '1004 North Rockford Drive', '-1961.2220458984, 211.90740966797, 85.802864074707', '-1974.7043457031, 198.58248901367, 85.597099304199', NULL),
	(116, NULL, 0, 0, 0, NULL, NULL, NULL, NULL, '1002 North Rockford Drive', '-1932.0083007813, 162.60762023926, 83.652694702148', '-1950.2377929688, 159.27439880371, 83.652725219727', NULL),
	(117, NULL, 0, 0, 0, NULL, NULL, NULL, NULL, '1001 North Rockford Drive', '-1873.2934570313, 201.95155334473, 83.294509887695', '-1858.5648193359, 207.24829101563, 83.294006347656', NULL),
	(118, NULL, 0, 0, 0, NULL, NULL, NULL, NULL, '1000 North Rockford Drive', '-1898.8520507813, 132.58348083496, 80.984649658203', '-1908.3363037109, 129.931640625, 81.640510559082', NULL),
	(119, NULL, 0, 0, 0, NULL, NULL, NULL, NULL, '1007 North Rockford Drive', '-1931.1605224609, 362.5485534668, 92.976348876953', '-1918.7154541016, 367.68283081055, 92.976356506348', NULL),
	(120, NULL, 0, 0, 0, NULL, NULL, NULL, NULL, '6970 Americano Way', '-1467.4857177734, 34.969264984131, 53.544841766357', '-1469.4158935547, 24.854562759399, 52.643180847168', NULL),
	(121, NULL, 0, 0, 0, NULL, NULL, NULL, NULL, '6972 Americano Way', '-1515.3900146484, 24.105438232422, 55.82071685791', '-1527.951171875, 5.5696306228638, 56.218246459961', NULL),
	(122, NULL, 0, 0, 0, NULL, NULL, NULL, NULL, '6974 Americano Way', '-1570.6536865234, 22.473022460938, 58.553977966309', '-1579.0867919922, 13.624052047729, 60.246185302734', NULL),
	(123, NULL, 0, 0, 0, NULL, NULL, NULL, NULL, '6976 Americano Way', '-1629.7884521484, 36.630630493164, 61.936130523682', '-1635.056640625, 26.464590072632, 61.745090484619', NULL),
	(124, NULL, 0, 0, 0, NULL, NULL, NULL, NULL, '2560 Sam Austin Drive', '-1465.0827636719, -34.320373535156, 54.050445556641', '-1480.7698974609, -40.928512573242, 55.844348907471', NULL),
	(125, NULL, 0, 0, 0, NULL, NULL, NULL, NULL, '2562 Sam Austin Drive', '-1549.3648681641, -91.019271850586, 53.929172515869', '-1550.2156982422, -99.117492675781, 53.528995513916', NULL),
	(126, NULL, 0, 0, 0, NULL, NULL, NULL, NULL, '2564 Sam Austin Drive', '-1580.3372802734, -34.026271820068, 56.56519317627', '-1598.3580322266, -34.072772979736, 57.192695617676', NULL),
	(127, NULL, 0, 0, 0, NULL, NULL, NULL, NULL, '6520 Kimble Hill Drive', '-476.61868286133, 647.72515869141, 143.38665771484', '-483.0959777832, 633.88641357422, 143.38389587402', NULL),
	(128, NULL, 0, 0, 0, NULL, NULL, NULL, NULL, '6521 Kimble Hill Drive', '-446.03118896484, 686.37139892578, 152.11738586426', '-442.96292114258, 694.8955078125, 152.39575195313', NULL),
	(129, NULL, 0, 0, 0, NULL, NULL, NULL, NULL, '6522 Kimble Hill Drive', '-400.13592529297, 664.79040527344, 162.83024597168', '-399.90295410156, 640.12719726563, 158.46551513672', NULL),
	(130, NULL, 0, 0, 0, NULL, NULL, NULL, NULL, '6523 Kimble Hill Drive', '-340.04736328125, 668.81646728516, 171.78437805176', '-353.6813659668, 676.181640625, 168.69808959961', NULL),
	(131, NULL, 0, 0, 0, NULL, NULL, NULL, NULL, '6524 Kimble Hill Drive', '-339.66870117188, 625.45617675781, 170.35691833496', '-317.40725708008, 604.64196777344, 171.85374450684', NULL),
	(132, NULL, 0, 0, 0, NULL, NULL, NULL, NULL, '6525 Kimble Hill Drive', '-307.47045898438, 643.42706298828, 175.13429260254', '-293.76116943359, 650.34002685547, 174.69425964355', NULL),
	(133, NULL, 0, 0, 0, NULL, NULL, NULL, NULL, '6526 Kimble Hill Drive', '-293.60162353516, 600.80743408203, 180.57556152344', '-281.32702636719, 580.29443359375, 176.73832702637', NULL),
	(134, NULL, 0, 0, 0, NULL, NULL, NULL, NULL, '6527 Kimble Hill Drive', '-256.91076660156, 632.33020019531, 186.80532836914', '-237.56039428711, 632.43005371094, 186.79736328125', NULL),
	(135, NULL, 0, 0, 0, NULL, NULL, NULL, NULL, '6528 Kimble Hill Drive', '-232.71672058105, 588.15374755859, 189.53633117676', '-231.27607727051, 574.74725341797, 184.65783691406', NULL),
	(136, NULL, 0, 0, 0, NULL, NULL, NULL, NULL, '6529 Kimble Hill Drive', '-189.38171386719, 618.22399902344, 198.66122436523', '-179.4771270752, 643.84613037109, 198.64117431641', NULL),
	(137, NULL, 0, 0, 0, NULL, NULL, NULL, NULL, '6530 Kimble Hill Drive', '-185.25387573242, 591.16058349609, 196.82305908203', '-186.82278442383, 570.60668945313, 188.91258239746', NULL),
	(138, NULL, 0, 0, 0, NULL, NULL, NULL, NULL, '6532 Kimble Hill Drive', '-126.633934021, 588.23516845703, 203.71057128906', '-104.90148925781, 581.94689941406, 195.7600402832', NULL),
	(139, NULL, 0, 0, 0, NULL, NULL, NULL, NULL, '9999 Lake Vinewood Drive', '228.76007080078, 765.68151855469, 203.9765625', '241.22590637207, 753.51123046875, 199.10136413574', NULL),
	(140, NULL, 0, 0, 0, NULL, NULL, NULL, NULL, '2041 North Conker Avenue', '318.59194946289, 552.01379394531, 155.02879333496', '297.88723754883, 551.24877929688, 154.76280212402', NULL),
	(141, NULL, 0, 0, 0, NULL, NULL, NULL, NULL, '2042 North Conker Avenue', '315.82586669922, 501.89553833008, 152.17979431152', '297.1227722168, 495.05416870117, 150.26681518555', NULL),
	(142, NULL, 0, 0, 0, NULL, NULL, NULL, NULL, '2043 North Conker Avenue', '331.54299926758, 465.29843139648, 150.25328063965', '316.38955688477, 467.01373291016, 150.27215576172', NULL),
	(143, NULL, 0, 0, 0, NULL, NULL, NULL, NULL, '2044 North Conker Avenue', '346.1262512207, 440.40173339844, 147.08334350586', '332.1227722168, 433.82632446289, 144.20989990234', NULL),
	(144, NULL, 0, 0, 0, NULL, NULL, NULL, NULL, '2045 North Conker Avenue', '374.03143310547, 427.85375976563, 144.68428039551', '359.51446533203, 417.48101806641, 141.05673217773', NULL),
	(145, NULL, 0, 0, 0, NULL, NULL, NULL, NULL, '3653 Wild Oats Drive', '-230.38084411621, 488.07089233398, 127.76838684082', '-225.30383300781, 477.60665893555, 127.42755126953', NULL),
	(146, NULL, 0, 0, 0, NULL, NULL, NULL, NULL, '3655 Wild Oats Drive', '-174.51429748535, 502.65853881836, 136.42068481445', '-179.97996520996, 488.58071899414, 132.86524963379', NULL),
	(147, NULL, 0, 0, 0, NULL, NULL, NULL, NULL, '3657 Wild Oats Drive', '-110.05725860596, 501.92413330078, 142.47738647461', '-106.03132629395, 491.25036621094, 136.03132629395', NULL),
	(148, NULL, 0, 0, 0, NULL, NULL, NULL, NULL, '3659 Wild Oats Drive', '-66.770401000977, 490.14114379883, 143.88481140137', '-78.273040771484, 477.36123657227, 136.59376525879', NULL),
	(149, NULL, 0, 0, 0, NULL, NULL, NULL, NULL, '3661 Wild Oats Drive West', '-7.8644051551819, 468.06497192383, 144.85556030273', '-26.512111663818, 456.02520751953, 145.09812927246', NULL),
	(150, NULL, 0, 0, 0, NULL, NULL, NULL, NULL, '3663 Wild Oats Drive', '57.525905609131, 449.75527954102, 146.03141784668', '31.706035614014, 438.56677246094, 142.48580932617', NULL),
	(151, NULL, 0, 0, 0, NULL, NULL, NULL, NULL, '3664 Wild Oats Drive', '42.955047607422, 468.81350708008, 147.09606933594', '56.685958862305, 472.44281005859, 155.32929992676', NULL),
	(152, NULL, 0, 0, 0, NULL, NULL, NULL, NULL, '3666 Wild Oats Drive', '80.075866699219, 486.12222290039, 147.20166015625', NULL, NULL),
	(153, NULL, 0, 0, 0, NULL, NULL, NULL, NULL, '3661 Wild Oats Drive', '107.09683990479, 466.78283691406, 146.56204223633', '108.27028656006, 445.77545166016, 141.21517944336', NULL),
	(154, NULL, 0, 0, 0, NULL, NULL, NULL, NULL, '3668 Wild Oats Drive', '119.83921051025, 494.41088867188, 146.34295654297', '105.76190185547, 501.20745849609, 154.1480255127', NULL),
	(155, NULL, 0, 0, 0, NULL, NULL, NULL, NULL, '3667 Wild Oats Drive', '148.78239440918, 475.248046875, 141.50811767578', '145.08073425293, 467.40872192383, 141.51307678223', NULL),
	(156, NULL, 0, 0, 0, NULL, NULL, NULL, NULL, '3669 Wild Oats Drive', '224.08305358887, 513.49053955078, 139.92175292969', '229.20680236816, 503.57009887695, 136.52142333984', NULL),
	(157, NULL, 0, 0, 0, NULL, NULL, NULL, NULL, '3683 Whispymound Drive', '232.2117767334, 672.23193359375, 188.94551086426', '234.02220153809, 644.35882568359, 185.39895629883', NULL),
	(158, NULL, 0, 0, 0, NULL, NULL, NULL, NULL, '3681 Whispymound Drive', '216.36535644531, 620.40509033203, 186.75602722168', '239.77786254883, 610.98620605469, 190.07667541504', NULL),
	(159, NULL, 0, 0, 0, NULL, NULL, NULL, NULL, '3679 Whispymound Drive', '151.04811096191, 556.04614257813, 182.7452545166', '174.33067321777, 559.02612304688, 179.14195251465', NULL),
	(160, NULL, 0, 0, 0, NULL, NULL, NULL, NULL, '3677 Whispymound Drive', '119.39832305908, 564.18426513672, 182.95930480957', '123.75676727295, 538.28881835938, 182.90031433105', NULL),
	(161, NULL, 0, 0, 0, NULL, NULL, NULL, NULL, '3675 Whispymound Drive', '84.921012878418, 561.70379638672, 181.77304077148', '78.295333862305, 542.90130615234, 172.69091796875', NULL),
	(162, NULL, 0, 0, 0, NULL, NULL, NULL, NULL, '3673 Whispymound Drive', '45.839164733887, 555.82537841797, 179.08219909668', '52.62283706665, 544.47747802734, 174.85305786133', NULL),
	(163, NULL, 0, 0, 0, NULL, NULL, NULL, NULL, '3671 Whispymound Drive', '8.3392019271851, 539.64031982422, 175.02789306641', '3.3413667678833, 521.51531982422, 169.62770080566', NULL),
	(164, NULL, 0, 0, 0, NULL, NULL, NULL, NULL, '3571 Didion Drive', '37.81029510498, 365.58746337891, 115.0408706665', '31.692218780518, 381.39431762695, 115.50909423828', NULL),
	(165, NULL, 0, 0, 0, NULL, NULL, NULL, NULL, '3569 Didion Drive', '-6.5000677108765, 409.06195068359, 119.2866973877', '13.048599243164, 401.59982299805, 122.61225891113', NULL),
	(166, NULL, 0, 0, 0, NULL, NULL, NULL, NULL, '3567 Didion Drive', '-72.875862121582, 428.50622558594, 112.03820800781', '-102.45048522949, 452.62072753906, 116.88256072998', NULL),
	(167, NULL, 0, 0, 0, NULL, NULL, NULL, NULL, '3566 Didion Drive', '-166.44354248047, 424.16198730469, 110.80584716797', '-164.58183288574, 404.54125976563, 110.42295074463', NULL),
	(168, NULL, 0, 0, 0, NULL, NULL, NULL, NULL, '3564 Didion Drive', '-214.05226135254, 399.65280151367, 110.30136108398', '-215.71015930176, 378.46560668945, 108.49018859863', NULL),
	(169, NULL, 0, 0, 0, NULL, NULL, NULL, NULL, '3562 Didion Drive', '-239.1453704834, 381.64956665039, 111.42630004883', '-238.85328674316, 364.84924316406, 109.83166503906', NULL),
	(170, NULL, 0, 0, 0, NULL, NULL, NULL, NULL, '3560 Didion Drive', '-297.80993652344, 379.896484375, 111.09540557861', '-287.64932250977, 356.44711303711, 108.74952697754', NULL),
	(171, NULL, 0, 0, 0, NULL, NULL, NULL, NULL, '2558 Didion Drive', '-328.05682373047, 369.60916137695, 109.00602722168', '-329.94830322266, 351.43991088867, 109.20835113525', NULL),
	(172, NULL, 0, 0, 0, NULL, NULL, NULL, NULL, '3556 Didion Drive', '-371.90872192383, 343.42279052734, 108.94268035889', '-368.81903076172, 330.95217895508, 108.94268035889', NULL),
	(173, NULL, 0, 0, 0, NULL, NULL, NULL, NULL, '3554 Didion Drive', '-409.57043457031, 341.58480834961, 107.90744018555', '-408.04348754883, 325.50317382813, 107.91627502441', NULL),
	(174, NULL, 0, 0, 0, NULL, NULL, NULL, NULL, '3552 Didion Drive', '-444.3078918457, 343.10028076172, 104.60671234131', '-432.86654663086, 332.32275390625, 113.06273651123', NULL),
	(175, NULL, 0, 0, 0, NULL, NULL, NULL, NULL, '3550 Didion Drive', '-469.21282958984, 329.96487426758, 103.74683380127', '-484.28668212891, 346.28210449219, 103.14559173584', NULL),
	(176, NULL, 0, 0, 0, NULL, NULL, NULL, NULL, '3568 Cox Way', '-451.09103393555, 395.41354370117, 103.77410888672', '-441.85974121094, 385.8017578125, 107.68398284912', NULL),
	(177, NULL, 0, 0, 0, NULL, NULL, NULL, NULL, '3567 Didion Drive West', '-477.22772216797, 413.10531616211, 102.12186431885', '-476.68319702148, 424.48904418945, 102.12186431885', NULL),
	(178, NULL, 0, 0, 0, NULL, NULL, NULL, NULL, '3565 Didion Drive', '-516.60620117188, 433.46875, 96.807777404785', '-498.74859619141, 437.16439819336, 96.287284851074', NULL),
	(179, NULL, 0, 0, 0, NULL, NULL, NULL, NULL, '3569 Cox Way', '-401.20623779297, 427.59271240234, 111.4038772583', '-413.28182983398, 437.41082763672, 111.47743988037', NULL),
	(180, NULL, 0, 0, 0, NULL, NULL, NULL, NULL, '3570 Cox Way', '-371.69525146484, 408.19604492188, 109.59367370605', '-344.07669067383, 400.30410766602, 109.59325408936', NULL),
	(181, NULL, 0, 0, 0, NULL, NULL, NULL, NULL, '3572 Cox Way', '-305.13140869141, 431.10122680664, 109.48190307617', '-299.90472412109, 419.18585205078, 109.08282470703', NULL),
	(182, NULL, 0, 0, 0, NULL, NULL, NULL, NULL, '3651 Didion Drive', '-311.83587646484, 474.93856811523, 110.82412719727', '-286.86553955078, 482.11169433594, 112.20111083984', NULL),
	(183, NULL, 0, 0, 0, NULL, NULL, NULL, NULL, '3581 Didion Drive', '-355.65344238281, 458.13079833984, 115.64724731445', '-371.73104858398, 462.18969726563, 111.647315979', NULL),
	(184, NULL, 0, 0, 0, NULL, NULL, NULL, NULL, '3582 Didion Drive', '-348.71545410156, 514.94116210938, 119.64886474609', '-337.96911621094, 529.12878417969, 119.14889526367', NULL),
	(185, NULL, 0, 0, 0, NULL, NULL, NULL, NULL, '3583 Didion Drive', '-386.81210327148, 504.16226196289, 119.41268920898', '-389.70867919922, 490.65875244141, 119.39151763916', NULL),
	(186, NULL, 0, 0, 0, NULL, NULL, NULL, NULL, '3584 Didion Drive', '-378.56048583984, 548.61987304688, 122.85085296631', '-364.26470947266, 561.76867675781, 126.17654418945', NULL),
	(187, NULL, 0, 0, 0, NULL, NULL, NULL, NULL, '3585 Didion Drive', '-426.0178527832, 535.20141601563, 121.42516326904', '-440.16528320313, 519.94165039063, 121.15934753418', NULL),
	(188, NULL, 0, 0, 0, NULL, NULL, NULL, NULL, '3586 Didion Drive', '-406.36511230469, 567.58026123047, 123.60354614258', '-408.42218017578, 583.38580322266, 123.62673187256', NULL),
	(189, NULL, 0, 0, 0, NULL, NULL, NULL, NULL, '3587 Didion Drive', '-459.22100830078, 537.03167724609, 120.46042633057', '-471.265625, 524.5849609375, 124.72773742676', NULL),
	(190, NULL, 0, 0, 0, NULL, NULL, NULL, NULL, '3589 Didion Drive', '-500.70141601563, 551.96899414063, 119.6012878418', '-497.00863647461, 524.30053710938, 115.76286315918', NULL),
	(191, NULL, 0, 0, 0, NULL, NULL, NULL, NULL, '2846 Milton Road', '-561.07470703125, 402.58126831055, 100.80531311035', '-561.48522949219, 386.05346679688, 100.28852844238', NULL),
	(192, NULL, 0, 0, 0, NULL, NULL, NULL, NULL, '2848 Milton Road', '-595.60919189453, 393.04473876953, 100.88246917725', '-597.29669189453, 376.36337280273, 96.849411010742', NULL),
	(193, NULL, 0, 0, 0, NULL, NULL, NULL, NULL, '2850 Milton Road', '-615.4404296875, 398.26098632813, 100.62586975098', '-617.30157470703, 371.57891845703, 101.91060638428', NULL),
	(194, NULL, 0, 0, 0, NULL, NULL, NULL, NULL, '2109 Mad Wayne Thunder Drive', '-1426.6136474609, 457.93017578125, 110.95207977295', '-1409.0745849609, 446.11749267578, 111.22012329102', NULL),
	(195, NULL, 0, 0, 0, NULL, NULL, NULL, NULL, '2108 Mad Wayne Thunder Drive', '-1343.0512695313, 481.32165527344, 101.76191711426', '-1332.5236816406, 490.68826293945, 101.44750213623', NULL),
	(196, NULL, 0, 0, 0, NULL, NULL, NULL, NULL, '2110 Mad Wayne Thunder Drive', '-1371.5106201172, 444.00146484375, 104.85707855225', '-1347.1632080078, 442.22442626953, 99.993850708008', NULL),
	(197, NULL, 0, 0, 0, NULL, NULL, NULL, NULL, '2111 Mad Wayne Thunder Drive', '-1308.0666503906, 448.92163085938, 99.969779968262', '-1314.0748291016, 432.68927001953, 99.249465942383', NULL),
	(198, NULL, 0, 0, 0, NULL, NULL, NULL, NULL, '2113 Mad Wayne Thunder Drive', '-1294.2393798828, 454.37866210938, 96.563484191895', '-1285.8507080078, 427.42080688477, 96.581573486328', NULL),
	(199, NULL, 0, 0, 0, NULL, NULL, NULL, NULL, '2115 Mad Wayne Thunder Drive', '-1258.8227539063, 446.84393310547, 93.73558807373', '-1253.2517089844, 433.02691650391, 94.185188293457', NULL),
	(200, NULL, 0, 0, 0, NULL, NULL, NULL, NULL, '2116 Mad Wayne Thunder Drive', '-1217.6231689453, 506.65225219727, 94.858291625977', '-1204.31640625, 494.60626220703, 97.996116638184', NULL),
	(201, NULL, 0, 0, 0, NULL, NULL, NULL, NULL, '2117 Mad Wayne Thunder Drive', '-1215.8306884766, 457.8835144043, 91.063095092773', '-1224.6861572266, 439.91561889648, 84.616546630859', NULL),
	(202, NULL, 0, 0, 0, NULL, NULL, NULL, NULL, '2119 Mad Wayne Thunder Drive', '-1174.4693603516, 440.22863769531, 85.849830627441', '-1161.2293701172, 435.34936523438, 85.636428833008', NULL),
	(203, NULL, 0, 0, 0, NULL, NULL, NULL, NULL, '2118 Mad Wayne Thunder Drive', '-1158.8221435547, 481.84991455078, 85.093780517578', '-1161.5703125, 499.78521728516, 85.093704223633', NULL),
	(204, NULL, 0, 0, 0, NULL, NULL, NULL, NULL, '2120 Mad Wayne Thunder Drive', '-1122.5665283203, 486.36651611328, 81.355728149414', '-1113.4233398438, 503.99990844727, 81.327423095703', NULL),
	(205, NULL, 0, 0, 0, NULL, NULL, NULL, NULL, '2122 Mad Wayne Thunder Drive', '-1062.6385498047, 475.83578491211, 80.320533752441', '-1066.07421875, 482.34817504883, 84.301605224609', NULL),
	(206, NULL, 0, 0, 0, NULL, NULL, NULL, NULL, '2123 Mad Wayne Thunder Drive', '-1052.1926269531, 432.54455566406, 76.258598327637', '-1030.7937011719, 427.10580444336, 72.058052062988', NULL),
	(207, NULL, 0, 0, 0, NULL, NULL, NULL, NULL, '2121 Mad Wayne Thunder Drive', '-1094.8397216797, 427.34692382813, 74.879959106445', '-1105.0529785156, 430.02569580078, 74.879638671875', NULL),
	(208, NULL, 0, 0, 0, NULL, NULL, NULL, NULL, '2310 Cockingend Drive', '-1040.4311523438, 508.17559814453, 83.380882263184', '-1052.7869873047, 522.61926269531, 83.58073425293', NULL),
	(209, NULL, 0, 0, 0, NULL, NULL, NULL, NULL, '2311 Cockingend Drive', '-1009.5088500977, 479.13153076172, 78.595237731934', '-1013.9471435547, 457.15454101563, 78.593040466309', NULL),
	(210, NULL, 0, 0, 0, NULL, NULL, NULL, NULL, '2126 Cockingend Drive', '-996.60968017578, 518.27673339844, 82.771240234375', '-1007.1931152344, 531.02838134766, 78.771026611328', NULL),
	(211, NULL, 0, 0, 0, NULL, NULL, NULL, NULL, '2127 Cockingend Drive', '-987.23016357422, 487.14691162109, 81.461196899414', '-984.9736328125, 476.48031616211, 81.462127685547', NULL),
	(212, NULL, 0, 0, 0, NULL, NULL, NULL, NULL, '2128 Cockingend Drive', '-967.22113037109, 510.68850708008, 81.069511413574', '-955.75567626953, 514.11022949219, 84.676300048828', NULL),
	(213, NULL, 0, 0, 0, NULL, NULL, NULL, NULL, '2130 Cockingend Drive', '-950.09875488281, 465.08996582031, 79.800392150879', '-933.4501953125, 472.06457519531, 84.122695922852', NULL),
	(214, NULL, 0, 0, 0, NULL, NULL, NULL, NULL, '2129 Cockingend Drive', '-968.75799560547, 436.85525512695, 79.765594482422', '-983.26879882813, 428.64825439453, 79.576507568359', NULL),
	(215, NULL, 0, 0, 0, NULL, NULL, NULL, NULL, '2114 South Mo Milton Drive', '-1277.9810791016, 497.12158203125, 96.89038848877', '-1289.0290527344, 500.76754760742, 96.559799194336', NULL),
	(216, NULL, 0, 0, 0, NULL, NULL, NULL, NULL, '2130 South Mo Milton Drive', '-1193.0870361328, 564.02893066406, 99.339454650879', '-1190.4191894531, 577.76043701172, 99.324195861816', NULL),
	(217, NULL, 0, 0, 0, NULL, NULL, NULL, NULL, '2132 South Mo Milton Drive', '-1167.1065673828, 568.69958496094, 100.82744598389', '-1164.2590332031, 588.47174072266, 100.83254241943', NULL),
	(218, NULL, 0, 0, 0, NULL, NULL, NULL, NULL, '2131 South Mo Milton Drive', '-1146.5206298828, 545.87689208984, 100.90691375732', NULL, NULL),
	(219, NULL, 0, 0, 0, NULL, NULL, NULL, NULL, '2133 South Mo Milton Drive', '-1125.3742675781, 548.39373779297, 101.57244873047', '-1124.0815429688, 531.78790283203, 97.381706237793', NULL),
	(220, NULL, 0, 0, 0, NULL, NULL, NULL, NULL, '2135 South Mo Milton Drive', '-1090.0523681641, 548.56298828125, 102.63335418701', '-1069.451171875, 561.81188964844, 101.92089080811', NULL),
	(221, NULL, 0, 0, 0, NULL, NULL, NULL, NULL, '2134 South Mo Milton Drive', '-1107.7241210938, 594.50823974609, 103.4546585083', '-1123.1424560547, 600.19488525391, 103.49994659424', NULL),
	(222, NULL, 0, 0, 0, NULL, NULL, NULL, NULL, '2137 South Mo Milton Drive', '-1022.8493041992, 586.93347167969, 102.42911529541', '-1016.3269042969, 568.0205078125, 99.514762878418', NULL),
	(223, NULL, 0, 0, 0, NULL, NULL, NULL, NULL, '2139 South Mo Milton Drive', '-974.37365722656, 581.82116699219, 102.14798736572', '-981.77722167969, 555.94317626953, 103.10985565186', NULL),
	(224, NULL, 0, 0, 0, NULL, NULL, NULL, NULL, '2140 South Mo Milton Drive', '-958.00231933594, 606.96881103516, 105.30240631104', '-951.95147705078, 615.37664794922, 108.66725921631', NULL),
	(225, NULL, 0, 0, 0, NULL, NULL, NULL, NULL, '2141 South Mo Milton Drive', '-947.89489746094, 567.79907226563, 100.50566864014', '-957.86798095703, 548.86108398438, 104.14566802979', NULL),
	(226, NULL, 0, 0, 0, NULL, NULL, NULL, NULL, '2142 South Mo Milton Drive', '-904.49658203125, 588.07873535156, 100.1907043457', '-906.29370117188, 602.25445556641, 104.03262329102', NULL),
	(227, NULL, 0, 0, 0, NULL, NULL, NULL, NULL, '2143 South Mo Milton Drive', '-924.78704833984, 561.32659912109, 99.157562255859', '-939.96783447266, 541.23059082031, 102.58135223389', NULL),
	(228, NULL, 0, 0, 0, NULL, NULL, NULL, NULL, '2145 South Mo Milton Drive', '-907.64276123047, 544.93695068359, 99.394165039063', '-921.80810546875, 536.03759765625, 95.014022827148', NULL),
	(229, NULL, 0, 0, 0, NULL, NULL, NULL, NULL, '2144 South Mo Milton Drive', '-873.32958984375, 562.79266357422, 95.619483947754', '-856.92376708984, 563.59332275391, 95.621574401855', NULL),
	(230, NULL, 0, 0, 0, NULL, NULL, NULL, NULL, '2147 South Mo Milton Drive', '-884.52667236328, 517.86083984375, 91.442855834961', '-898.474609375, 518.23760986328, 91.228782653809', NULL),
	(231, NULL, 0, 0, 0, NULL, NULL, NULL, NULL, '2146 South Mo Milton Drive', '-848.64428710938, 508.61587524414, 89.81706237793', '-832.56060791016, 512.53277587891, 93.6171875', NULL),
	(232, NULL, 0, 0, 0, NULL, NULL, NULL, NULL, '2117 South Mo Milton Drive', '-875.78900146484, 485.91586303711, 86.816024780273', '-888.58282470703, 460.21704101563, 86.820610046387', NULL),
	(233, NULL, 0, 0, 0, NULL, NULL, NULL, NULL, '2148 South Mo Milton Drive', '-833.60479736328, 456.3981628418, 88.902572631836', '-814.51745605469, 466.08706665039, 89.770874023438', NULL),
	(234, NULL, 0, 0, 0, NULL, NULL, NULL, NULL, '2106 Mad Wayne Thunder Drive', '-1405.361328125, 526.79998779297, 122.83125305176', '-1381.8975830078, 528.47052001953, 122.22274780273', NULL),
	(235, NULL, 0, 0, 0, NULL, NULL, NULL, NULL, '2835 Picture Perfect Drive', '-824.84442138672, 421.98202514648, 91.124221801758', '-819.50756835938, 403.23861694336, 90.559684753418', NULL),
	(236, NULL, 0, 0, 0, NULL, NULL, NULL, NULL, '2836 Picture Perfect Drive', '-784.69409179688, 459.71475219727, 99.389289855957', '-788.31414794922, 479.81237792969, 99.466659545898', NULL),
	(237, NULL, 0, 0, 0, NULL, NULL, NULL, NULL, '2837 Picture Perfect Drive', '-762.1083984375, 430.86947631836, 99.196746826172', '-747.23657226563, 410.42926025391, 95.017311096191', NULL),
	(238, NULL, 0, 0, 0, NULL, NULL, NULL, NULL, '2893 Picture Perfect Drive', '-717.89581298828, 448.63650512695, 105.90913391113', '-710.69427490234, 440.87847900391, 106.04901885986', NULL),
	(239, NULL, 0, 0, 0, NULL, NULL, NULL, NULL, '2838 Picture Perfect Drive', '-741.51477050781, 484.75555419922, 108.70475006104', '-741.40057373047, 506.71899414063, 109.18190765381', NULL),
	(240, NULL, 0, 0, 0, NULL, NULL, NULL, NULL, '2840 Picture Perfect Drive', '-679.03070068359, 512.04089355469, 112.52610015869', '-677.25695800781, 522.02374267578, 109.3161239624', NULL),
	(241, NULL, 0, 0, 0, NULL, NULL, NULL, NULL, '2841 Picture Perfect Drive', '-667.12683105469, 471.47808837891, 113.13650512695', '-657.65734863281, 463.32531738281, 109.3896484375', NULL),
	(242, NULL, 0, 0, 0, NULL, NULL, NULL, NULL, '2842 Picture Perfect Drive', '-640.93487548828, 520.53985595703, 108.8828125', '-638.70422363281, 540.37768554688, 108.68282318115', NULL),
	(243, NULL, 0, 0, 0, NULL, NULL, NULL, NULL, '2843 Picture Perfect Drive', '-622.85760498047, 488.77600097656, 107.87705230713', '-624.92254638672, 471.24737548828, 108.06929016113', NULL),
	(244, NULL, 0, 0, 0, NULL, NULL, NULL, NULL, '2844 Picture Perfect Drive', '-587.16253662109, 541.43579101563, 109.49620056152', '-609.12896728516, 540.55621337891, 110.32121276855', NULL),
	(245, NULL, 0, 0, 0, NULL, NULL, NULL, NULL, '2845 Picture Perfect Drive', '-580.42370605469, 491.56698608398, 107.90297698975', '-585.25158691406, 469.1936340332, 108.33737945557', NULL),
	(246, NULL, 0, 0, 0, NULL, NULL, NULL, NULL, '2800 Picture Perfect Drive', '-1135.8312988281, 375.78161621094, 70.299789428711', '-1143.6673583984, 371.16860961914, 73.934188842773', NULL),
	(247, NULL, 0, 0, 0, NULL, NULL, NULL, NULL, '1415 Greenwich Place', '-1116.8510742188, 304.56079101563, 65.521286010742', '-1111.9645996094, 312.72909545898, 66.14591217041', NULL),
	(248, NULL, 0, 0, 0, NULL, NULL, NULL, NULL, '1610 Mad Wayne Thunder Drive', '-1038.5305175781, 312.09680175781, 66.274322509766', '-1025.9715576172, 302.66412353516, 65.905113220215', NULL),
	(249, NULL, 0, 0, 0, NULL, NULL, NULL, NULL, '3260 South Mo Milton Drive', '-819.38146972656, 267.85372924805, 85.395950317383', '-816.21600341797, 251.60571289063, 78.196327209473', NULL),
	(250, NULL, 0, 0, 0, NULL, NULL, NULL, NULL, '3262 South Mo Milton Drive', '-877.33184814453, 306.52279663086, 83.154304504395', '-889.32702636719, 310.5500793457, 83.12996673584', NULL),
	(251, NULL, 0, 0, 0, NULL, NULL, NULL, NULL, '3264 South Mo Milton Drive', '-881.40600585938, 363.7099609375, 84.362701416016', '-874.00378417969, 353.94476318359, 84.285293579102', NULL),
	(252, NULL, 0, 0, 0, NULL, NULL, NULL, NULL, '4545 Greenwich Way', '-1026.2526855469, 360.57067871094, 70.361427307129', '-1041.5777587891, 361.92047119141, 68.92374420166', NULL),
	(253, NULL, 0, 0, 0, NULL, NULL, NULL, NULL, '7240 Steele Way', '-1038.0682373047, 222.11959838867, 63.37565612793', '-1028.0380859375, 220.25369262695, 63.67227935791', NULL),
	(254, NULL, 0, 0, 0, NULL, NULL, NULL, NULL, '7241 Steele Way', '-949.22491455078, 196.93672180176, 66.389945983887', '-948.53393554688, 214.55856323242, 66.34992980957', NULL),
	(255, NULL, 0, 0, 0, NULL, NULL, NULL, NULL, '7243 Steele Way', '-902.19177246094, 191.55551147461, 68.445976257324', '-887.89013671875, 188.45941162109, 68.832817077637', NULL),
	(256, NULL, 0, 0, 0, NULL, NULL, NULL, NULL, '7244 Steele Way', '-998.24060058594, 158.1898651123, 61.32075881958', '-1018.9805908203, 162.5708770752, 57.60733795166', NULL),
	(257, NULL, 0, 0, 0, NULL, NULL, NULL, NULL, '7246 Steele Way', '-971.5703125, 122.1693649292, 56.048572540283', '-981.92681884766, 114.67390441895, 55.044960021973', NULL),
	(258, NULL, 0, 0, 0, NULL, NULL, NULL, NULL, '7248 Steele Way', '-913.03668212891, 108.24157714844, 54.710117340088', '-893.34234619141, 116.04344177246, 54.110595703125', NULL),
	(259, NULL, 0, 0, 0, NULL, NULL, NULL, NULL, '6130 Portola Drive', '-842.21826171875, -25.08283996582, 39.3984375', '-855.75018310547, -33.748100280762, 43.15393447876', NULL),
	(260, NULL, 0, 0, 0, NULL, NULL, NULL, NULL, '6137 Portola Drive', '-816.845703125, 178.05718994141, 71.227828979492', '-793.29266357422, 181.72023010254, 71.835273742676', NULL),
	(261, NULL, 0, 0, 0, NULL, NULL, NULL, NULL, '5636 Spanish Avenue', '-830.38519287109, 115.04898071289, 55.031341552734', '-808.06536865234, 121.24917602539, 55.523487091064', NULL),
	(262, NULL, 0, 0, 0, NULL, NULL, NULL, NULL, '8370 Caesars Place', '-896.68591308594, -5.1514873504639, 42.798915863037', '-895.27593994141, -23.305112838745, 40.928657531738', NULL),
	(263, NULL, 0, 0, 0, NULL, NULL, NULL, NULL, '8371 Caesars Place', '-888.21905517578, 42.613388061523, 48.146968841553', '-895.61248779297, 49.824710845947, 49.038093566895', NULL),
	(264, NULL, 0, 0, 0, NULL, NULL, NULL, NULL, '8372 Caesars Place', '-930.28863525391, 19.506034851074, 47.52592086792', '-946.09869384766, 36.029483795166, 48.097202301025', NULL),
	(265, NULL, 0, 0, 0, NULL, NULL, 4, 'House', '2740 Nikola Place', '1303.2412109375, -527.35278320313, 70.460670471191', '1309.0067138672, -511.74969482422, 70.460678100586', NULL),
	(266, NULL, 0, 0, 0, NULL, NULL, 4, 'House', '2741 Nikola Place', '1301.0766601563, -574.24200439453, 70.73225402832', '1295.8991699219, -590.13201904297, 70.73225402832', NULL),
	(267, NULL, 0, 0, 0, NULL, NULL, 4, 'House', '2742 Nikola Place', '1328.6057128906, -536.02868652344, 71.440841674805', '1335.6403808594, -522.52386474609, 71.248062133789', NULL),
	(268, NULL, 0, 0, 0, NULL, NULL, 4, 'House', '2743 Nikola Place', '1323.4320068359, -583.17877197266, 72.246376037598', '1316.1864013672, -598.34320068359, 72.246360778809', NULL),
	(269, NULL, 0, 0, 0, NULL, NULL, 4, 'House', '2744 Nikola Place', '1348.3779296875, -546.80297851563, 72.891647338867', '1355.1242675781, -531.41290283203, 72.891700744629', NULL),
	(270, NULL, 0, 0, 0, NULL, NULL, 4, 'House', '2745 Nikola Place', '1341.3096923828, -597.26397705078, 73.700897216797', '1330.8518066406, -608.23114013672, 73.508079528809', NULL),
	(271, 4, 0, 0, 0, NULL, NULL, 4, 'House', '2746 Nikola Place', '1373.2800292969, -555.75567626953, 73.685653686523', '1380.6888427734, -542.49133300781, 73.493011474609', NULL),
	(272, 2, 0, 0, 0, NULL, NULL, 4, 'House', '2747 Nikola Place', '1367.2255859375, -606.59368896484, 73.7109375', '1366.9841308594, -623.39617919922, 73.7109375', '{"1":"Zuiron"}'),
	(273, 3, 1, 0, 0, NULL, NULL, 4, 'House', '2748 Nikola Place', '1388.9995117188, -569.50219726563, 73.496543884277', '1404.5319824219, -563.08898925781, 73.496528625488', NULL),
	(274, 1, 1, 0, 0, NULL, NULL, 4, 'House', '2750 Nikola Place', '1386.2244873047, -593.47747802734, 73.485458374023', '1399.4338378906, -603.86578369141, 73.485466003418', '{"2":"ando4041"}'),
	(293, NULL, 0, 0, 0, NULL, NULL, NULL, 'House', '5582 Bridge Street', '798.33288574219, -158.75534057617, 73.892395019531', '804.63549804688, -141.73973083496, 73.892395019531', NULL),
	(294, NULL, 0, 0, 0, NULL, NULL, NULL, 'Apartment', '5584a Bridge Street', '808.79260253906, -163.65104675293, 74.879776000977', '819.02880859375, -148.06739807129, 74.874786376953', NULL),
	(295, NULL, 0, 0, 0, NULL, NULL, NULL, 'Apartment', '5584b Bridge Street', '820.5751953125, -156.31030273438, 79.752494812012', NULL, NULL),
	(296, NULL, 0, 0, 0, NULL, NULL, NULL, 'Apartment', '5586a Bridge Street', '840.80822753906, -182.21676635742, 73.58667755127', '859.80834960938, -173.21286010742, 74.356369018555', NULL),
	(297, NULL, 0, 0, 0, NULL, NULL, NULL, 'Apartment', '5586b Bridge Street', '846.16711425781, -173.23445129395, 77.463020324707', '846.32250976563, -186.59861755371, 77.462066650391', NULL),
	(298, NULL, 0, 0, 0, NULL, NULL, NULL, 'House', '5588 Bridge Street', '880.43395996094, -205.10209655762, 70.976531982422', '895.44952392578, -201.98600769043, 70.976539611816', NULL),
	(299, NULL, 0, 0, 0, NULL, NULL, NULL, 'House', '5590 Bridge Street', '921.02478027344, -238.26005554199, 69.394149780273', '926.16204833984, -230.10992431641, 69.59757232666', NULL),
	(300, NULL, 0, 0, 0, NULL, NULL, NULL, 'House', '5592 Bridge Street', '930.6923828125, -245.11053466797, 68.002670288086', '937.22894287109, -231.45109558105, 68.194885253906', NULL),
	(301, NULL, 0, 0, 0, NULL, NULL, NULL, 'House', '5594 Bridge Street', '952.80303955078, -252.50007629395, 66.96452331543', '962.23175048828, -246.74449157715, 66.766479492188', NULL),
	(302, NULL, 0, 0, 0, NULL, NULL, NULL, NULL, '1010 Mirror Place', '999.53399658203, -593.90173339844, 58.638568878174', '991.72509765625, -593.19207763672, 58.235614776611', NULL),
	(303, NULL, 0, 0, 0, NULL, NULL, NULL, NULL, '1012 Mirror Place', '1009.5736083984, -572.48187255859, 59.594436645508', '999.48352050781, -568.67883300781, 59.594432830811', NULL),
	(304, NULL, 0, 0, 0, NULL, NULL, NULL, NULL, '5600 Bridge Street', '1114.4038085938, -391.35998535156, 67.948570251465', '1123.6477050781, -390.09649658203, 67.500495910645', NULL),
	(305, NULL, 0, 0, 0, NULL, NULL, NULL, NULL, '5602 Bridge Street', '1101.1403808594, -411.43356323242, 66.555145263672', '1117.7049560547, -412.97695922852, 66.555152893066', NULL),
	(306, NULL, 0, 0, 0, NULL, NULL, NULL, NULL, '5604 Bridge Street', '1099.3784179688, -438.62786865234, 66.790565490723', '1108.71875, -444.78823852539, 66.595771789551', NULL),
	(307, NULL, 0, 0, 0, NULL, NULL, NULL, NULL, '5605 Bridge Street', '1056.2182617188, -448.91497802734, 65.25749206543', '1044.5024414063, -449.07849121094, 65.257499694824', NULL),
	(308, NULL, 0, 0, 0, NULL, NULL, NULL, NULL, '5606 Bridge Street', '1098.6376953125, -464.50079345703, 66.31941986084', '1110.2979736328, -464.68634033203, 66.319396972656', NULL),
	(309, NULL, 0, 0, 0, NULL, NULL, NULL, NULL, '5607 Bridge Street', '1050.9793701172, -470.37353515625, 63.297096252441', '1049.0537109375, -479.96594238281, 62.919944763184', NULL),
	(310, NULL, 0, 0, 0, NULL, NULL, NULL, NULL, '5608 Bridge Street', '1090.43359375, -484.34146118164, 64.660514831543', '1106.1506347656, -485.19104003906, 64.423057556152', NULL),
	(311, NULL, 0, 0, 0, NULL, NULL, NULL, NULL, '5609 Bridge Street', '1046.1977539063, -498.12869262695, 63.279411315918', '1032.3532714844, -501.71810913086, 63.080673217773', NULL),
	(312, NULL, 0, 0, 0, NULL, NULL, NULL, NULL, '4020 Nikola Avenue', '919.77557373047, -569.60699462891, 57.366367340088', '912.51739501953, -554.45190429688, 57.366367340088', NULL),
	(313, NULL, 0, 0, 0, NULL, NULL, NULL, NULL, '4021 Nikola Avenue', '964.40545654297, -596.15869140625, 58.90270614624', '965.65802001953, -608.23468017578, 58.894485473633', NULL),
	(314, NULL, 0, 0, 0, NULL, NULL, NULL, NULL, '4023 Nikola Avenue', '976.66290283203, -580.66552734375, 58.850620269775', '985.05944824219, -584.54010009766, 58.402679443359', NULL),
	(315, NULL, 0, 0, 0, NULL, NULL, NULL, NULL, '4024 Nikola Avenue', '965.24792480469, -541.93054199219, 58.726760864258', '956.90881347656, -546.78198242188, 58.526790618896', NULL),
	(316, NULL, 0, 0, 0, NULL, NULL, NULL, NULL, '4026 Nikola Avenue', '987.83203125, -525.76184082031, 59.692203521729', '979.50549316406, -521.74035644531, 59.243278503418', NULL),
	(317, NULL, 0, 0, 0, NULL, NULL, NULL, NULL, '4028 Nikola Avenue', '1006.4801025391, -510.98693847656, 59.992366790771', '1004.2463378906, -499.39315795898, 59.711536407471', NULL),
	(318, NULL, 0, 0, 0, NULL, NULL, NULL, NULL, '6310 Mirror Park Boulevard', '1204.8891601563, -557.76403808594, 68.619483947754', '1212.8132324219, -552.88897705078, 68.16773223877', NULL),
	(319, NULL, 0, 0, 0, NULL, NULL, NULL, NULL, '6312 Mirror Park Boulevard', '1201.0174560547, -575.56964111328, 68.139106750488', '1212.3306884766, -580.01940917969, 68.134223937988', NULL),
	(320, NULL, 0, 0, 0, NULL, NULL, NULL, NULL, '6314 Mirror Park Boulevard', '1203.6317138672, -598.40991210938, 67.063568115234', '1214.9782714844, -595.54437255859, 67.06356048584', NULL),
	(321, NULL, 0, 0, 0, NULL, NULL, NULL, NULL, '6316 Mirror Park Boulevard', '1207.3774414063, -620.31890869141, 65.438621520996', '1218.126953125, -622.42645263672, 65.438621520996', NULL),
	(322, NULL, 0, 0, 0, NULL, NULL, NULL, NULL, '6320 Mirror Park Boulevard', '1221.4573974609, -669.30505371094, 62.690902709961', '1228.3581542969, -664.11242675781, 62.496612548828', NULL),
	(323, NULL, 0, 0, 0, NULL, NULL, NULL, NULL, '6322 Mirror Park Boulevard', '1223.0979003906, -696.95190429688, 59.802421569824', '1220.7259521484, -689.48297119141, 60.102005004883', NULL),
	(324, NULL, 0, 0, 0, NULL, NULL, NULL, NULL, '6324 Mirror Park Boulevard', '1229.6011962891, -725.44403076172, 59.956314086914', '1231.5946044922, -713.80651855469, 59.652637481689', NULL),
	(325, NULL, 0, 0, 0, NULL, NULL, NULL, NULL, '2640 East Mirror Drive', '1264.7009277344, -702.71795654297, 63.909065246582', '1259.8057861328, -711.06353759766, 63.710510253906', NULL),
	(326, NULL, 0, 0, 0, NULL, NULL, NULL, NULL, '2642 East Mirror Drive', '1271.0316162109, -683.62811279297, 65.031631469727', '1259.7230224609, -687.07824707031, 65.031623840332', NULL),
	(327, NULL, 0, 0, 0, NULL, NULL, NULL, NULL, '2644 East Mirror Drive', '1265.6395263672, -648.65881347656, 67.121376037598', '1257.6296386719, -660.4072265625, 66.922897338867', NULL),
	(328, NULL, 0, 0, 0, NULL, NULL, NULL, NULL, '2646 East Mirror Drive', '1250.9504394531, -620.91076660156, 68.572044372559', '1239.4647216797, -623.31848144531, 68.357940673828', NULL),
	(329, NULL, 0, 0, 0, NULL, NULL, NULL, NULL, '2648 East Mirror Drive', '1240.6071777344, -601.64691162109, 68.782760620117', '1234.3171386719, -597.96264648438, 68.781608581543', NULL),
	(330, NULL, 0, 0, 0, NULL, NULL, NULL, NULL, '2650 East Mirror Drive', '1241.4462890625, -566.34924316406, 68.657424926758', '1230.2144775391, -561.62298583984, 68.65202331543', NULL),
	(331, NULL, 0, 0, 0, NULL, NULL, NULL, NULL, '2652 East Mirror Drive', '1250.8823242188, -515.49615478516, 68.349044799805', '1241.1588134766, -510.44381713867, 68.349052429199', NULL),
	(332, NULL, 0, 0, 0, NULL, NULL, NULL, NULL, '2654 East Mirror Drive', '1251.5142822266, -494.18270874023, 68.90641784668', '1239.4036865234, -493.50848388672, 68.905654907227', NULL),
	(333, NULL, 0, 0, 0, NULL, NULL, NULL, NULL, '2656 East Mirror Drive', '1259.6029052734, -480.1936340332, 69.188789367676', '1249.271484375, -473.67953491211, 69.183876037598', NULL),
	(334, NULL, 0, 0, 0, NULL, NULL, NULL, NULL, '2658 East Mirror Drive', '1265.7373046875, -458.05722045898, 69.517074584961', '1250.2413330078, -461.2724609375, 69.279106140137', NULL),
	(335, NULL, 0, 0, 0, NULL, NULL, NULL, NULL, '2660 East Mirror Drive', '1262.3471679688, -429.86584472656, 69.015571594238', '1257.4279785156, -437.64245605469, 68.567375183105', NULL),
	(336, NULL, 0, 0, 0, NULL, NULL, NULL, NULL, '8502 West Mirror Drive', '1060.5506591797, -378.17391967773, 67.231170654297', '1050.0211181641, -369.69918823242, 67.232704162598', NULL),
	(337, NULL, 0, 0, 0, NULL, NULL, NULL, NULL, '8506 West Mirror Drive', '1028.8286132813, -408.32205200195, 65.342880249023', '1021.1581420898, -414.32568359375, 64.944236755371', NULL),
	(338, NULL, 0, 0, 0, NULL, NULL, NULL, NULL, '8508 West Mirror Drive', '1010.4871215820, -423.46682739258, 64.349380493164', '1000.3329467773, -415.75772094727, 64.349647521973', NULL),
	(339, NULL, 0, 0, 0, NULL, NULL, NULL, NULL, '8509 West Mirror Drive', '1014.5800781250, -469.36865234375, 63.502975463867', '1023.3913574219, -472.34341430664, 63.055587768555', NULL),
	(340, NULL, 0, 0, 0, NULL, NULL, NULL, NULL, '8510 West Mirror Drive', '987.50000000000, -432.98306274414, 63.049407958984', '976.42572021484, -436.90560913086, 62.745197296143', NULL),
	(341, NULL, 0, 0, 0, NULL, NULL, NULL, NULL, '8512 West Mirror Drive', '967.11633300781, -451.58639526367, 61.790470123291', '962.14166259766, -445.54043579102, 61.600471496582', NULL),
	(342, NULL, 0, 0, 0, NULL, NULL, NULL, NULL, '8513 West Mirror Drive', '970.53564453125, -502.39556884766, 61.140899658203', '972.15747070313, -514.44781494141, 61.132713317871', NULL),
	(343, NULL, 0, 0, 0, NULL, NULL, NULL, NULL, '8514 West Mirror Drive', '944.47009277344, -463.23971557617, 60.554161071777', '940.79986572266, -451.95074462891, 60.252319335938', NULL),
	(344, NULL, 0, 0, 0, NULL, NULL, NULL, NULL, '8515 West Mirror Drive', '945.71112060547, -518.9619140625, 59.630271911621', '952.75170898438, -523.99786376953, 59.628749847412', NULL),
	(345, NULL, 0, 0, 0, NULL, NULL, NULL, NULL, '8516 West Mirror Drive', '921.80700683594, -477.79180908203, 60.083679199219', '918.30328369141, -464.82571411133, 60.083656311035', NULL),
	(346, NULL, 0, 0, 0, NULL, NULL, NULL, NULL, '8517 West Mirror Drive', '924.41632080078, -526.03674316406, 58.79061126709', '932.34313964844, -530.78363037109, 58.341720581055', NULL),
	(347, NULL, 0, 0, 0, NULL, NULL, NULL, NULL, '8518 West Mirror Drive', '906.31951904297, -489.45584106445, 58.436260223389', '899.64123535156, -474.03479003906, 58.436210632324', NULL),
	(348, NULL, 0, 0, 0, NULL, NULL, NULL, NULL, '8520 West Mirror Drive', '878.38983154297, -497.92739868164, 57.092380523682', '869.21569824219, -496.56881713867, 56.643123626709', NULL),
	(349, NULL, 0, 0, 0, NULL, NULL, NULL, NULL, '8522 West Mirror Drive', '861.56567382813, -508.97515869141, 56.72212600708', '854.91003417969, -516.09564208984, 56.328330993652', NULL),
	(350, NULL, 0, 0, 0, NULL, NULL, NULL, NULL, '8524 West Mirror Drive', '850.27258300781, -532.65930175781, 56.925525665283', '834.60784912109, -534.23986816406, 56.725257873535', NULL),
	(351, NULL, 0, 0, 0, NULL, NULL, NULL, NULL, '8525 West Mirror Drive', '893.16900634766, -540.65496826172, 57.506656646729', '906.07781982422, -536.64739990234, 57.507217407227', NULL),
	(352, NULL, 0, 0, 0, NULL, NULL, NULL, NULL, '8526 West Mirror Drive', '844.10931396484, -562.63214111328, 56.992237091064', '832.46917724609, -561.46801757813, 56.70792388916', NULL),
	(353, NULL, 0, 0, 0, NULL, NULL, NULL, NULL, '8528 West Mirror Drive', '861.75866699219, -583.56774902344, 57.156494140625', '850.70391845703, -588.69116210938, 57.151294708252', NULL),
	(354, NULL, 0, 0, 0, NULL, NULL, NULL, NULL, '8530 West Mirror Drive', '886.77783203125, -608.18664550781, 57.444976806641', '879.80126953125, -610.02484130859, 57.449512481689', NULL),
	(355, NULL, 0, 0, 0, NULL, NULL, NULL, NULL, '8532 West Mirror Drive', '902.95910644531, -615.60034179688, 57.45333480835', '891.36633300781, -625.35485839844, 57.26050567627', NULL),
	(356, NULL, 0, 0, 0, NULL, NULL, NULL, NULL, '8534 West Mirror Drive', '928.86596679688, -639.74694824219, 57.24243927002', '918.48815917969, -648.41491699219, 57.243167877197', NULL),
	(357, NULL, 0, 0, 0, NULL, NULL, NULL, NULL, '8535 West Mirror Drive', '980.20385742188, -627.77044677734, 58.23588180542', '993.72576904297, -620.67547607422, 58.043128967285', NULL),
	(358, NULL, 0, 0, 0, NULL, NULL, NULL, NULL, '8536 West Mirror Drive', '943.22528076172, -653.31915283203, 57.626831054688', '939.62231445313, -661.07739257813, 57.432395935059', NULL),
	(359, NULL, 0, 0, 0, NULL, NULL, NULL, NULL, '8538 West Mirror Drive', '959.95166015625, -669.84716796875, 57.449771881104', '945.17840576172, -677.85711669922, 57.449771881104', NULL),
	(360, NULL, 0, 0, 0, NULL, NULL, NULL, NULL, '8540 West Mirror Drive', '970.80407714844, -701.41546630859, 57.481956481934', '959.07507324219, -704.40985107422, 57.476993560791', NULL),
	(361, NULL, 0, 0, 0, NULL, NULL, NULL, NULL, '8542 West Mirror Drive', '979.19635009766, -716.25549316406, 57.22066116333', '971.73327636719, -725.79962158203, 57.219623565674', NULL),
	(362, NULL, 0, 0, 0, NULL, NULL, NULL, NULL, '8544 West Mirror Drive', '996.85693359375, -729.53741455078, 56.815742492676', '987.09588623047, -734.52941894531, 56.815746307373', NULL),
	(363, NULL, 0, 0, 0, NULL, NULL, NULL, NULL, '9102 Fudge Lane', '1437.4396972656, -1491.8452148438, 62.62202835083', '1439.9555664063, -1480.2722167969, 62.627140045166', NULL),
	(364, NULL, 0, 0, 0, NULL, NULL, NULL, NULL, '9104 Fudge Lane', '1411.9681396484, -1490.5113525391, 59.656833648682', NULL, NULL),
	(365, NULL, 0, 0, 0, NULL, NULL, NULL, NULL, '9106 Fudge Lane', '1403.9874267578, -1496.4187011719, 58.962326049805', NULL, NULL),
	(366, NULL, 0, 0, 0, NULL, NULL, NULL, NULL, '9108 Fudge Lane', '1379.2037353516, -1514.921875, 57.435718536377', '1391.0612792969, -1508.3172607422, 57.435787200928', NULL),
	(367, NULL, 0, 0, 0, NULL, NULL, NULL, NULL, '9109 Fudge Lane', '1381.9166259766, -1544.6694335938, 56.107166290283', '1389.9228515625, -1546.3845214844, 56.107509613037', NULL),
	(368, NULL, 0, 0, 0, NULL, NULL, NULL, NULL, '9111 Fudge Lane', '1360.6857910156, -1556.3483886719, 55.344554901123', '1361.9268798828, -1568.1429443359, 55.344657897949', NULL),
	(369, NULL, 0, 0, 0, NULL, NULL, NULL, NULL, '9112 Fudge Lane', '1338.189453125, -1524.2241210938, 53.586791992188', '1344.6743164063, -1513.2481689453, 53.585052490234', NULL),
	(370, NULL, 0, 0, 0, NULL, NULL, NULL, NULL, '9113a Fudge Lane', '1323.1868896484, -1559.5111083984, 50.444526672363', NULL, NULL),
	(371, NULL, 0, 0, 0, NULL, NULL, NULL, NULL, '9113b Fudge Lane', '1327.5682373047, -1553.0859375, 53.051525115967', '1330.6368408203, -1559.5948486328, 53.056251525879', NULL),
	(372, NULL, 0, 0, 0, NULL, NULL, NULL, NULL, '9117 Fudge Lane', '1261.5552978516, -1616.7960205078, 53.742874145508', '1276.3756103516, -1628.8282470703, 53.737941741943', NULL),
	(373, NULL, 0, 0, 0, NULL, NULL, NULL, NULL, '9118 Fudge Lane', '1230.6267089844, -1590.8448486328, 52.766098022461', '1223.1197509766, -1581.4907226563, 52.766670227051', NULL),
	(374, NULL, 0, 0, 0, NULL, NULL, NULL, NULL, '9119 Fudge Lane', '1245.4033203125, -1626.8592529297, 52.282367706299', '1252.5753173828, -1638.3508300781, 52.311172485352', NULL),
	(375, NULL, 0, 0, 0, NULL, NULL, NULL, NULL, '9120 Fudge Lane', '1210.3548583984, -1606.5946044922, 49.736503601074', '1203.9339599609, -1594.6455078125, 49.743576049805', NULL),
	(376, NULL, 0, 0, 0, NULL, NULL, NULL, NULL, '9121 Fudge Lane', '1214.5379638672, -1644.3305664063, 47.645992279053', '1220.1810302734, -1658.7265625, 47.641571044922', NULL),
	(377, NULL, 0, 0, 0, NULL, NULL, NULL, NULL, '9122 Fudge Lane', '1193.5224609375, -1622.3336181641, 44.221450805664', '1185.0313720703, -1620.2557373047, 44.031360626221', NULL),
	(378, NULL, 0, 0, 0, NULL, NULL, NULL, NULL, '9123 Fudge Lane', '1193.5968017578, -1656.5418701172, 42.026458740234', '1203.2503662109, -1670.6392822266, 41.983417510986', NULL),
	(379, NULL, 0, 0, 0, NULL, NULL, NULL, NULL, '9115 Fudge Lane', '1286.685546875, -1604.5645751953, 53.824890136719', '1297.2066650391, -1618.0545654297, 53.576553344727', NULL),
	(380, NULL, 0, 0, 0, NULL, NULL, NULL, NULL, '9114 Fudge Lane', '1341.4133300781, -1577.8835449219, 53.445938110352', '1334.0762939453, -1566.4530029297, 53.447650909424', NULL),
	(381, NULL, 0, 0, 0, NULL, NULL, NULL, NULL, '1001 Amarillo Vista', '1358.2681884766, -1752.0676269531, 63.450508117676', '1353.0334472656, -1738.505859375, 63.452163696289', NULL),
	(382, NULL, 0, 0, 0, NULL, NULL, NULL, NULL, '1002 Amarillo Vista', '1365.4830322266, -1721.6903076172, 64.634124755859', '1369.0625, -1734.9655761719, 64.634231567383', NULL),
	(383, NULL, 0, 0, 0, NULL, NULL, NULL, NULL, '1003 Amarillo Vista', '1354.9056396484, -1690.5466308594, 59.491237640381', '1337.6926269531, -1688.4611816406, 59.518409729004', NULL),
	(384, NULL, 0, 0, 0, NULL, NULL, NULL, NULL, '1005 Amarillo Vista', '1316.7601318359, -1698.5489501953, 57.230068206787', '1315.0893554688, -1684.9323730469, 57.232929229736', NULL),
	(385, NULL, 0, 0, 0, NULL, NULL, NULL, NULL, '1006 Amarillo Vista', '1314.4536132813, -1733.109375, 53.700080871582', '1321.3481445313, -1746.0158691406, 53.701377868652', NULL),
	(386, NULL, 0, 0, 0, NULL, NULL, NULL, NULL, '1007 Amarillo Vista', '1289.1752929688, -1710.5334472656, 54.47522354126', '1290.1945800781, -1697.2911376953, 54.361232757568', NULL),
	(387, NULL, 0, 0, 0, NULL, NULL, NULL, NULL, '1008 Amarillo Vista', '1294.9868164063, -1739.7867431641, 53.271774291992', '1300.439453125, -1752.3541259766, 53.271324157715', NULL),
	(388, NULL, 0, 0, 0, NULL, NULL, NULL, NULL, '1009 Amarillo Vista', '1274.5189208984, -1720.7219238281, 53.68078994751', '1268.1475830078, -1714.1949462891, 53.655067443848', NULL),
	(389, NULL, 0, 0, 0, NULL, NULL, NULL, NULL, '1011 Amarillo Vista', '1250.7094726563, -1734.2817382813, 51.031967163086', '1244.2687988281, -1722.1842041016, 51.025196075439', NULL),
	(390, NULL, 0, 0, 0, NULL, NULL, NULL, NULL, '1012 Amarillo Vista', '1259.0948486328, -1761.9193115234, 48.659523010254', '1263.1765136719, -1773.2172851563, 48.658283233643', NULL),
	(391, NULL, 0, 0, 0, NULL, NULL, NULL, NULL, '7507 Marina Drive', '1841.7908935547, 3928.6027832031, 32.721210479736', NULL, NULL),
	(392, NULL, 0, 0, 0, NULL, NULL, NULL, NULL, '7503 Marina Drive', '1915.8510742188, 3909.3107910156, 32.441593170166', NULL, NULL),
	(393, NULL, 0, 0, 0, NULL, NULL, NULL, NULL, '7511 Marina Drive', '1781.5657958984, 3911.2102050781, 33.909748077393', NULL, NULL),
	(394, NULL, 0, 0, 0, NULL, NULL, NULL, NULL, '7515 Marina Drive', '1733.5642089844, 3895.2512207031, 34.559005737305', NULL, NULL),
	(395, NULL, 0, 0, 0, NULL, NULL, NULL, NULL, '7517 Marina Drive', '1699.9016113281, 3866.7915039063, 33.90461730957', NULL, NULL),
	(396, NULL, 0, 0, 0, NULL, NULL, NULL, NULL, '7518 Marina Drive', '1691.8338623047, 3865.822265625, 33.907604217529', NULL, NULL),
	(397, NULL, 0, 0, 0, NULL, NULL, NULL, NULL, '7526 Marina Drive', '1532.7062988281, 3722.2678222656, 33.812992095947', NULL, NULL),
	(398, NULL, 0, 0, 0, NULL, NULL, NULL, NULL, '7528 Marina Drive', '1501.5992431641, 3694.982421875, 34.215873718262', NULL, NULL),
	(399, NULL, 0, 0, 0, NULL, NULL, NULL, NULL, '7530 Marina Drive', '1480.4348144531, 3678.9548339844, 33.28108215332', NULL, NULL),
	(400, NULL, 0, 0, 0, NULL, NULL, NULL, NULL, '7532 Marina Drive', '1425.6677246094, 3669.5690917969, 33.829513549805', NULL, NULL),
	(401, NULL, 0, 0, 0, NULL, NULL, NULL, NULL, '7534 Marina Drive', '1407.0234375, 3656.0285644531, 33.430488586426', '1412.966796875, 3663.9169921875, 33.404323577881', NULL),
	(402, NULL, 0, 0, 0, NULL, NULL, NULL, NULL, '7536 Marina Drive', '1390.6130371094, 3661.6162109375, 33.924907684326', NULL, NULL),
	(403, NULL, 0, 0, 0, NULL, NULL, NULL, NULL, '7538 Marina Drive', '1385.2095947266, 3659.4221191406, 33.928783416748', NULL, NULL),
	(404, NULL, 0, 0, 0, NULL, NULL, NULL, NULL, '7513 Marina Drive', '1738.4073486328, 3898.3676757813, 34.559001922607', NULL, NULL),
	(405, NULL, 0, 0, 0, NULL, NULL, NULL, NULL, '9042 Great Ocean Highway', '-3016.9494628906, 746.74871826172, 26.784326553345', '-3007.244140625, 751.59069824219, 30.627309799194', NULL),
	(406, NULL, 0, 0, 0, NULL, NULL, NULL, NULL, '9044 Great Ocean Highway', '-2992.9169921875, 707.70556640625, 27.696737289429', '-2987.3054199219, 719.79534912109, 27.496892929077', NULL),
	(407, NULL, 0, 0, 0, NULL, NULL, NULL, NULL, '9046 Great Ocean Highway', '-2990.4162597656, 695.59985351563, 26.784446716309', '-2968.8933105469, 694.43212890625, 27.602861404419', NULL),
	(408, NULL, 0, 0, 0, NULL, NULL, NULL, NULL, '9048 Great Ocean Highway', '-2972.58984375, 642.48651123047, 24.992094039917', '-2953.4624023438, 644.31597900391, 23.179302215576', NULL),
	(409, NULL, 0, 0, 0, NULL, NULL, NULL, NULL, '9050 Great Ocean Highway', '-2972.1940917969, 598.83728027344, 23.441539764404', '-2959.3415527344, 609.22924804688, 19.430299758911', NULL),
	(410, NULL, 0, 0, 0, NULL, NULL, NULL, NULL, '1010 Ineseno Road', '-3089.3491210938, 221.15119934082, 13.118638038635', '-3094.9001464844, 204.85249328613, 13.013084411621', NULL),
	(417, NULL, 0, 0, 0, NULL, NULL, NULL, NULL, '1016a Ineseno Road', '-3111.8276367188, 315.1396484375, 7.3810386657715', '-3118.3317871094, 315.99011230469, 7.3790197372437', NULL),
	(418, NULL, 0, 0, 0, NULL, NULL, NULL, NULL, '1016b Ineseno Road', '-3115.1088867188, 304.36529541016, 7.3810291290283', '-3117.3359375, 315.68121337891, 10.680065155029', NULL),
	(423, NULL, 0, 0, 0, NULL, NULL, NULL, NULL, '1020a Ineseno Road', '-3093.7958984375, 349.30340576172, 6.5440950393677', '-3110.9265136719, 349.77581787109, 13.440870285034', NULL),
	(432, NULL, 0, 0, 0, NULL, NULL, NULL, NULL, '1026a Ineseno Road', '-3059.7707519531, 453.24340820313, 5.3550019264221', '-3071.744140625, 446.80966186523, 5.3572278022766', NULL),
	(433, NULL, 0, 0, 0, NULL, NULL, NULL, NULL, '1026b Ineseno Road', '-3069.5227050781, 453.43588256836, 8.6432409286499', '-3059.0263671875, 451.01739501953, 8.6431846618652', NULL),
	(434, NULL, 0, 0, 0, NULL, NULL, NULL, NULL, '1028 Ineseno Road', '-3053.3215332031, 486.75119018555, 5.7796411514282', '-3058.9714355469, 486.83535766602, 9.1055145263672', NULL),
	(435, NULL, 0, 0, 0, NULL, NULL, NULL, NULL, '1030 Ineseno Road', '-3039.5227050781, 492.83673095703, 5.7726984024048', '-3048.7631835938, 494.66693115234, 10.776586532593', NULL),
	(436, NULL, 0, 0, 0, NULL, NULL, NULL, NULL, '1032 Ineseno Road', '-3042.9792480469, 524.03735351563, 6.426299571991', '-3059.1682128906, 526.76373291016, 6.8813543319702', NULL),
	(437, NULL, 0, 0, 0, NULL, NULL, NULL, NULL, '1034 Ineseno Road', '-3044.4990234375, 544.20892333984, 8.9618768692017', '-3044.9636230469, 546.06787109375, 11.972136497498', NULL),
	(438, NULL, 0, 0, 0, NULL, NULL, NULL, NULL, '1036 Ineseno Road', '-3037.2407226563, 559.10443115234, 6.5076818466187', '-3037.7978515625, 559.02648925781, 9.4496049880981', NULL),
	(443, NULL, 0, 0, 0, NULL, NULL, NULL, NULL, '1050 Ineseno Road', '-3107.8173828125, 718.76654052734, 19.657947540283', '-3120.4340820313, 713.99896240234, 23.973184585571', NULL),
	(444, NULL, 0, 0, 0, NULL, NULL, NULL, NULL, '1052 Ineseno Road', '-3108.9624023438, 752.06097412109, 23.701858520508', '-3106.0068359375, 754.01287841797, 27.762506484985', NULL),
	(445, NULL, 0, 0, 0, NULL, NULL, NULL, NULL, '2020 Barbareno Road', '-3225.1667480469, 910.96319580078, 12.993266105652', NULL, NULL),
	(446, NULL, 0, 0, 0, NULL, NULL, NULL, NULL, '2022a Barbareno Road', '-3229.0322265625, 927.31671142578, 12.969764709473', '-3240.4677734375, 920.18591308594, 13.113606452942', NULL),
	(447, NULL, 0, 0, 0, NULL, NULL, NULL, NULL, '2022b Barbareno Road', '-3238.4233398438, 922.01177978516, 12.95987701416', '-3237.5297851563, 915.11627197266, 15.876363754272', NULL),
	(448, NULL, 0, 0, 0, NULL, NULL, NULL, NULL, '2024 Barbareno Road', '-3243.3767089844, 932.49035644531, 16.221353530884', '-3243.4694824219, 935.49206542969, 20.211610794067', NULL),
	(458, NULL, 0, 0, 0, NULL, NULL, NULL, NULL, '2038 Barbareno Road', '-3252.1896972656, 1076.9775390625, 10.033292770386', '-3251.1298828125, 1077.7530517578, 13.41876411438', NULL),
	(459, NULL, 0, 0, 0, NULL, NULL, NULL, NULL, '2040a Barbareno Road', '-3232.2153320313, 1081.6607666016, 9.807520866394', '-3240.0114746094, 1091.1138916016, 6.478853225708', NULL),
	(460, NULL, 0, 0, 0, NULL, NULL, NULL, NULL, '2040b Barbareno Road', '-3228.6770019531, 1092.6330566406, 9.7715129852295', '-3240.7255859375, 1092.2305908203, 9.7638959884644', NULL),
	(461, NULL, 0, 0, 0, NULL, NULL, NULL, NULL, '2042a Barbareno Road', '-3225.251953125, 1112.7143554688, 9.8080644607544', '-3230.1137695313, 1111.9063720703, 12.593021392822', NULL),
	(462, NULL, 0, 0, 0, NULL, NULL, NULL, NULL, '2042b Barbareno Road', '-3228.9428710938, 1101.1824951172, 9.5787353515625', '-3232.9011230469, 1110.3542480469, 9.5735235214233', NULL),
	(463, NULL, 0, 0, 0, NULL, NULL, NULL, NULL, '2042c Barbareno Road', '-3229.3891601563, 1115.3127441406, 6.6042928695679', '-3233.9582519531, 1107.8830566406, 6.6042943000793', NULL),
	(464, NULL, 0, 0, 0, NULL, NULL, NULL, NULL, '2044a Barbareno Road', '-3219.9194335938, 1138.3402099609, 8.8954076766968', '-3221.3327636719, 1150.4653320313, 8.8933868408203', NULL),
	(465, NULL, 0, 0, 0, NULL, NULL, NULL, NULL, '2044b Barbareno Road', '-3215.0673828125, 1148.5092773438, 8.8953943252563', '-3220.541015625, 1149.9249267578, 12.194622993469', NULL),
	(466, NULL, 0, 0, 0, NULL, NULL, NULL, NULL, '2046 Barbareno Road', '-3212.8461914063, 1154.5146484375, 11.116309165955', '-3211.2736816406, 1159.9797363281, 14.126549720764', NULL),
	(467, NULL, 0, 0, 0, NULL, NULL, NULL, NULL, '2048 Barbareno Road', '-3200.3759765625, 1165.4968261719, 8.6543321609497', '-3201.0615234375, 1165.6741943359, 11.60452747345', NULL),
	(470, NULL, 0, 0, 0, NULL, NULL, NULL, NULL, '2052a Barbareno Road', '-3193.6264648438, 1208.3881835938, 8.4252262115479', '-3203.0344238281, 1205.4252929688, 11.823204994202', NULL),
	(471, NULL, 0, 0, 0, NULL, NULL, NULL, NULL, '2052b Barbareno Road', '-3200.939453125, 1194.7971191406, 8.5457010269165', '-3205.7919921875, 1203.5891113281, 8.540994644165', NULL),
	(472, NULL, 0, 0, 0, NULL, NULL, NULL, NULL, '2054 Barbareno Road', '-3200.2685546875, 1232.4466552734, 9.0483207702637', '-3205.9052734375, 1231.6174316406, 12.370204925537', NULL),
	(473, NULL, 0, 0, 0, NULL, NULL, NULL, NULL, '2056 Barbareno Road', '-3198.3615722656, 1274.4439697266, 11.711305618286', '-3213.8447265625, 1279.5294189453, 12.118447303772', NULL),
	(474, NULL, 0, 0, 0, NULL, NULL, NULL, NULL, '2058a Barbareno Road', '-3190.9899902344, 1297.7352294922, 18.067749023438', '-3199.8713378906, 1315.7080078125, 18.067365646362', NULL),
	(475, NULL, 0, 0, 0, NULL, NULL, NULL, NULL, '2058b Barbareno Road', '-3182.4211425781, 1310.1737060547, 13.561867713928', '-3205.5786132813, 1312.2443847656, 13.876950263977', NULL);
/*!40000 ALTER TABLE `property_residence` ENABLE KEYS */;

-- Dumping structure for table lisa_srv.user_accounts
CREATE TABLE IF NOT EXISTS `user_accounts` (
  `ID` int(11) NOT NULL AUTO_INCREMENT,
  `user_name` text DEFAULT NULL,
  `user_email` varchar(64) CHARACTER SET utf8 COLLATE utf8_unicode_ci DEFAULT NULL COMMENT 'user''s email, unique',
  `user_password_hash` varchar(255) CHARACTER SET utf8 COLLATE utf8_unicode_ci DEFAULT NULL COMMENT 'user''s password in salted and hashed format',
  `user_active` tinyint(1) DEFAULT 1,
  `user_registration_datetime` datetime NOT NULL DEFAULT current_timestamp(),
  `user_last_activity` datetime NOT NULL DEFAULT current_timestamp() ON UPDATE current_timestamp(),
  PRIMARY KEY (`ID`),
  UNIQUE KEY `user_name` (`user_name`) USING HASH
) ENGINE=InnoDB AUTO_INCREMENT=3 DEFAULT CHARSET=utf8mb4 ROW_FORMAT=COMPACT COMMENT='user data';

-- Dumping data for table lisa_srv.user_accounts: ~0 rows (approximately)
/*!40000 ALTER TABLE `user_accounts` DISABLE KEYS */;
INSERT INTO `user_accounts` (`ID`, `user_name`, `user_email`, `user_password_hash`, `user_active`, `user_registration_datetime`, `user_last_activity`) VALUES
	(1, 'Test1', 'mail@mail.com', 'HASHCENSORED', 1, '2019-08-08 18:23:30', '2019-08-16 15:22:42'),
	(2, 'Test2', 'test@mail.com', 'HASHCENSORED', 1, '2019-08-31 14:32:40', '2019-08-31 14:32:40');
/*!40000 ALTER TABLE `user_accounts` ENABLE KEYS */;

-- Dumping structure for table lisa_srv.vehicles
CREATE TABLE IF NOT EXISTS `vehicles` (
  `ID` int(11) NOT NULL AUTO_INCREMENT,
  `OwnerID` int(11) DEFAULT NULL COMMENT 'ex: CharacterID',
  `OwnerType` text CHARACTER SET latin1 DEFAULT NULL,
  `VehName` text CHARACTER SET latin1 DEFAULT NULL,
  `EngineHealth` int(11) NOT NULL DEFAULT 400,
  `Fuel` text NOT NULL DEFAULT '10',
  `Odometer` text NOT NULL DEFAULT '0' COMMENT 'total kilometers traveled',
  `Dimension` int(11) NOT NULL DEFAULT 0,
  `Position` text CHARACTER SET latin1 DEFAULT NULL,
  `Rotation` text CHARACTER SET latin1 DEFAULT NULL,
  `numberPlateText` text CHARACTER SET latin1 DEFAULT NULL,
  `primaryColor` int(11) DEFAULT NULL,
  `secondaryColor` int(11) DEFAULT NULL,
  `CharacterIDsAccess` text CHARACTER SET latin1 DEFAULT NULL,
  PRIMARY KEY (`ID`)
) ENGINE=InnoDB AUTO_INCREMENT=22 DEFAULT CHARSET=utf8mb4 ROW_FORMAT=COMPACT;

-- Dumping data for table lisa_srv.vehicles: ~21 rows (approximately)
/*!40000 ALTER TABLE `vehicles` DISABLE KEYS */;
INSERT INTO `vehicles` (`ID`, `OwnerID`, `OwnerType`, `VehName`, `EngineHealth`, `Fuel`, `Odometer`, `Dimension`, `Position`, `Rotation`, `numberPlateText`, `primaryColor`, `secondaryColor`, `CharacterIDsAccess`) VALUES
	(1, 1, 'Character', 'rebel', 1000, '50.60451718445447', '794.2603264059712', 0, '-419.4065856933594, 4433.16943359375, 26.853515625', '0, 0, -0.4375', 'LS 33901', 92, 92, NULL),
	(2, 2, 'Character', 'emperor2', 1000, '9.877666435536124', '1.1443738490540418', 0, '1359.81103515625, -599.2747192382812, 73.6285400390625', '0, 0, 0', 'LS 45673', 92, 92, '1'),
	(3, 3, 'Character', 'nebula', 1000, '10', '0.03133748860866763', 0, '1387.89892578125, -577.96484375, 73.6453857421875', '0, 0, 1.96875', 'LS 85347', 160, 148, '1'),
	(4, 4, 'Character', 'zion3', 1000, '10', '4.384310437534179', 0, '1362.2109375, -555.3890380859375, 73.6285400390625', ' 0, 0, 2.984375', 'LS 55468', 127, 120, '1'),
	(5, NULL, 'Faction', 'police3', 1000, '10', '5.689656445442525', 0, '627.94287109375, 23.828571319580078, 87.4454345703125', '-0.078125, 0.046875, -1.390625', 'LSPD 487', 111, 0, NULL),
	(6, NULL, 'Faction', 'police3', 1000, '10', '0', 0, '616.3516235351562, 27.731868743896484, 88.6417236328125', '-0.078125, 0.046875, -1.40625', 'LSPD 488', 111, 0, NULL),
	(7, NULL, 'Faction', 'police3', 1000, '10', '0', 0, '604.5889892578125, 31.793407440185547, 89.871826171875', '-0.078125, 0.046875, -1.421875', 'LSPD 489', 111, 0, NULL),
	(8, NULL, 'Faction', 'police3', 1000, '10', '6.736910897704773', 0, '592.958251953125, 35.85494613647461, 91.068115234375', '-0.078125, 0.046875, -1.359375', 'LSPD 490', 111, 0, NULL),
	(9, NULL, 'Faction', 'police3', 1000, '9.852750925323308', '1.377446909978404', 0, '408.22418212890625, -984.6065673828125, 29.01025390625', '0, 0, -2.265625', 'LSPD 491', 111, 0, NULL),
	(10, NULL, 'Faction', 'police3', 1000, '10', '4.131221756705141', 0, '-552.2637329101562, -143.4989013671875, 37.95751953125', '-0.03125, 0.03125, -2.125', 'LSPD 492', 111, 0, NULL),
	(11, NULL, 'Faction', 'police3', 1000, '10', '0', 0, '-556.4967041015625, -145.16043090820312, 37.923828125', '-0.03125, 0.046875, -2.046875', 'LSPD 493', 111, 0, NULL),
	(12, NULL, 'Faction', 'policeb', 1000, '10', '0.037368467398919164', 0, '-548.05712890625, -142.1802215576172, 37.75537109375', '0.046875, -0.09375, -1.78125', 'LSPD 494', 111, 1, NULL),
	(13, NULL, 'Faction', 'policeb', 1000, '28.177297049360817', '33.10809626760015', 0, '-2545.476806640625, 2320.28564453125, 32.5318603515625', '0, -0.0625, 1.609375', 'LSPD 495', 111, 1, NULL),
	(14, NULL, 'Job', 'coach', 1000, '10', '0', 0, '456.962646484375, -653.4989013671875, 28.7237548828125', '-0.0625, 0, -2.546875', 'LS 33001', 132, 132, NULL),
	(15, NULL, 'Job', 'coach', 1000, '10', '0', 0, '457.80657958984375, -646.3912353515625, 29.111328125', '-0.046875, 0.015625, -2.53125', 'LS 33002', 132, 132, NULL),
	(16, NULL, 'Job', 'coach', 1000, '10', '0', 0, '458.6109924316406, -639.2307739257812, 29.3135986328125', '0, 0, -2.53125', 'LS 33003', 132, 132, NULL),
	(17, NULL, 'Job', 'coach', 1000, '10', '0', 0, '459.019775390625, -632.03076171875, 29.3304443359375', '0, 0, -2.546875', 'LS 33004', 132, 132, NULL),
	(18, NULL, 'Job', 'coach', 1000, '10', '0', 0, '459.77142333984375, -624.6989135742188, 29.3304443359375', '0, 0, -2.546875', 'LS 33005', 132, 132, NULL),
	(19, NULL, 'Job', 'coach', 1000, '10', '0', 0, '460.4175720214844, -617.7494506835938, 29.3304443359375', '0, 0, -2.53125', 'LS 33006', 132, 132, NULL),
	(20, NULL, 'Job', 'coach', 1000, '10', '0', 0, '461.24835205078125, -610.2988891601562, 29.3304443359375', '0, 0, -2.53125', 'LS 33007', 132, 132, NULL),
	(21, NULL, 'Job', 'coach', 1000, '10', '5.5061060225344844', 0, '462.1582336425781, -604.3252563476562, 29.3135986328125', '0, 0, -2.53125', 'LS 33008', 132, 132, NULL);
/*!40000 ALTER TABLE `vehicles` ENABLE KEYS */;

-- Dumping structure for table lisa_srv.vehicles_settings
CREATE TABLE IF NOT EXISTS `vehicles_settings` (
  `ID` int(10) unsigned NOT NULL AUTO_INCREMENT,
  `Game_Name` text CHARACTER SET latin1 DEFAULT NULL COMMENT 'Vehicle Name ingame',
  `Game_Hex` text CHARACTER SET latin1 DEFAULT NULL,
  `Comment` text CHARACTER SET latin1 DEFAULT NULL,
  `Real_Life` text CHARACTER SET latin1 DEFAULT NULL,
  `Brand` text CHARACTER SET latin1 DEFAULT NULL COMMENT 'Vehicle brand ex Dinka',
  `Name` text CHARACTER SET latin1 DEFAULT NULL COMMENT 'Vehicle name ex Blista',
  `Type` text CHARACTER SET latin1 DEFAULT NULL COMMENT 'vehicle type ex Compact',
  `Street_Legal` int(11) DEFAULT 1 COMMENT '1 = legal, 0 = illegal example: sanchez or golfcar',
  `Fuel_Type` int(11) DEFAULT NULL COMMENT '0 gas, 1 diesel, 2 elec',
  `Fuel_Tank_Capacity` float DEFAULT NULL COMMENT 'Tank size in Liters',
  `Fuel_Economy` float DEFAULT NULL COMMENT 'L/100km',
  `Trunk_Slots` int(11) DEFAULT NULL COMMENT 'Trunk size in #N Slots',
  `Trunk_Max_Weight` int(11) DEFAULT NULL COMMENT 'Max Trunk Load/Weight in KG',
  `Import_Cost` int(10) unsigned DEFAULT NULL COMMENT 'Cost in $ for dealership to import',
  PRIMARY KEY (`ID`)
) ENGINE=InnoDB AUTO_INCREMENT=3 DEFAULT CHARSET=utf8mb4 ROW_FORMAT=COMPACT;

-- Dumping data for table lisa_srv.vehicles_settings: ~2 rows (approximately)
/*!40000 ALTER TABLE `vehicles_settings` DISABLE KEYS */;
INSERT INTO `vehicles_settings` (`ID`, `Game_Name`, `Game_Hex`, `Comment`, `Real_Life`, `Brand`, `Name`, `Type`, `Street_Legal`, `Fuel_Type`, `Fuel_Tank_Capacity`, `Fuel_Economy`, `Trunk_Slots`, `Trunk_Max_Weight`, `Import_Cost`) VALUES
	(1, 'DEFAULT', 'DEFAULT', 'DEFAULT VEH VALUES', 'DEFAULT', 'DEFAULT', 'DEFAULT', 'DEFAULT', 0, 1, 30, 10.69, 1, 100, 999000000),
	(2, 'rebel', '0xB802DD46', 'Rusty Rebel', 'Toyota Hilux - 4th Gen (1984-1989)', 'Karin', 'Rebel', 'Offroad', 1, 0, 52, 10.69, 30, 3000, 62300);
/*!40000 ALTER TABLE `vehicles_settings` ENABLE KEYS */;

/*!40101 SET SQL_MODE=IFNULL(@OLD_SQL_MODE, '') */;
/*!40014 SET FOREIGN_KEY_CHECKS=IF(@OLD_FOREIGN_KEY_CHECKS IS NULL, 1, @OLD_FOREIGN_KEY_CHECKS) */;
/*!40101 SET CHARACTER_SET_CLIENT=@OLD_CHARACTER_SET_CLIENT */;
